Coverity.Dummy.Fake_Method_For_BZ77715::Attribute_Encode(System.String)System.String	input	0
Coverity.Dummy.Fake_Method_For_BZ77715::Attribute_Encode(System.String)System.String	output	-1
Coverity.Dummy.Fake_Method_For_BZ77715::Attribute_Encode(System.String)System.String	action1	unescaper	HTML_ENTITY
Coverity.Dummy.Fake_Method_For_BZ77715::Attribute_Encode(System.String)System.String	action1	chars_never_in_output	{ '"' , '<' }
Coverity.Dummy.Fake_Method_For_BZ77715::Attribute_Encode(System.String)System.String	action1	chars_introduced	{ '#' , '&' , '3' , '9' , ';' , 'a' , 'l' , 'm' , 'o' , 'p' , 'q' , 't' , 'u' }
Coverity.Dummy.Fake_Method_For_BZ77715::Attribute_Encode(System.String)System.String	action1	chars_escaped	{ '"' , '&' , '<' }
Coverity.Security.Escape::CssString(System.String)System.String	input	0
Coverity.Security.Escape::CssString(System.String)System.String	output	-1
Coverity.Security.Escape::CssString(System.String)System.String	action1	unescaper	CSS
Coverity.Security.Escape::CssString(System.String)System.String	action1	chars_never_in_output	{ 0x8 , 0x9 , 0xa , 0xc , 0xd , '"' , '&' , ''' , '/' , '<' , '>' , 0x2028 , 0x2029 }
Coverity.Security.Escape::CssString(System.String)System.String	action1	chars_introduced	{ ' ' , '0' , '2' , '3' , '5' , '6' , '7' , '8' , '9' , 'A' , 'C' , 'D' , 'E' , 'F' , '\' }
Coverity.Security.Escape::CssString(System.String)System.String	action1	chars_escaped	{ 0x8 , 0x9 , 0xa , 0xc , 0xd , '"' , '&' , ''' , '/' , '<' , '>' , '\' , 0x2028 , 0x2029 }
Coverity.Security.Escape::Html(System.String)System.String	input	0
Coverity.Security.Escape::Html(System.String)System.String	output	-1
Coverity.Security.Escape::Html(System.String)System.String	action1	unescaper	HTML_ENTITY
Coverity.Security.Escape::Html(System.String)System.String	action1	chars_never_in_output	{ 0x9 , 0xa , 0xc , 0xd , ' ' , '"' , ''' , '/' , '<' , '>' , '\' , 0x2028 , 0x2029 }
Coverity.Security.Escape::Html(System.String)System.String	action1	chars_introduced	{ '#' , '&' , '0' , '2' , '3' , '5' , '8' , '9' , ';' , 'A' , 'C' , 'D' , 'F' , 'a' , 'g' , 'l' , 'm' , 'o' , 'p' , 'q' , 't' , 'u' , 'x' }
Coverity.Security.Escape::Html(System.String)System.String	action1	chars_escaped	{ 0x9 , 0xa , 0xc , 0xd , ' ' , '"' , '&' , ''' , '/' , '<' , '>' , '\' , 0x2028 , 0x2029 }
Coverity.Security.Escape::HtmlText(System.String)System.String	input	0
Coverity.Security.Escape::HtmlText(System.String)System.String	output	-1
Coverity.Security.Escape::HtmlText(System.String)System.String	action1	unescaper	HTML_ENTITY
Coverity.Security.Escape::HtmlText(System.String)System.String	action1	chars_never_in_output	{ '"' , ''' , '<' , '>' }
Coverity.Security.Escape::HtmlText(System.String)System.String	action1	chars_introduced	{ '#' , '&' , '3' , '9' , ';' , 'a' , 'g' , 'l' , 'm' , 'o' , 'p' , 'q' , 't' , 'u' }
Coverity.Security.Escape::HtmlText(System.String)System.String	action1	chars_escaped	{ '"' , '&' , ''' , '<' , '>' }
Coverity.Security.Escape::JsRegex(System.String)System.String	input	0
Coverity.Security.Escape::JsRegex(System.String)System.String	output	-1
Coverity.Security.Escape::JsRegex(System.String)System.String	action1	unescaper	JS_STRING
Coverity.Security.Escape::JsRegex(System.String)System.String	action1	chars_never_in_output	{ 0x9 , 0xa , 0xb , 0xc , 0xd }
Coverity.Security.Escape::JsRegex(System.String)System.String	action1	chars_introduced	{ '\' , 'f' , 'n' , 'r' , 't' , 'v' }
Coverity.Security.Escape::JsRegex(System.String)System.String	action1	chars_escaped	{ 0x9 , 0xa , 0xb , 0xc , 0xd , '!' , '$' , '(' , ')' , '*' , '+' , '-' , '.' , '/' , '?' , '[' , '\' , ']' , '^' , '{' , '|' , '}' }
Coverity.Security.Escape::JsString(System.String)System.String	input	0
Coverity.Security.Escape::JsString(System.String)System.String	output	-1
Coverity.Security.Escape::JsString(System.String)System.String	action1	unescaper	JS_STRING
Coverity.Security.Escape::JsString(System.String)System.String	action1	chars_never_in_output	{ 0x8 , 0x9 , 0xa , 0xb , 0xc , 0xd , '"' , '%' , '&' , ''' , '/' , '<' , '>' , 0x2028 , 0x2029 }
Coverity.Security.Escape::JsString(System.String)System.String	action1	chars_introduced	{ '0' , '2' , '3' , '5' , '6' , '7' , '8' , '9' , 'A' , 'B' , 'C' , 'D' , 'E' , 'F' , '\' , 'u' }
Coverity.Security.Escape::JsString(System.String)System.String	action1	chars_escaped	{ 0x8 , 0x9 , 0xa , 0xb , 0xc , 0xd , '"' , '%' , '&' , ''' , '/' , '<' , '>' , '\' , 0x2028 , 0x2029 }
Coverity.Security.Escape::Uri(System.String)System.String	input	0
Coverity.Security.Escape::Uri(System.String)System.String	output	-1
Coverity.Security.Escape::Uri(System.String)System.String	action1	unescaper	URI_PERCENT
Coverity.Security.Escape::Uri(System.String)System.String	action1	chars_never_in_output	{ 0x9 , 0xa , 0xc , 0xd , ' ' , '!' , '"' , '#' , '$' , '&' , ''' , '(' , ')' , '*' , '+' , ',' , '.' , '/' , ':' , ';' , '<' , '=' , '>' , '?' , '@' , '[' , ']' }
Coverity.Security.Escape::Uri(System.String)System.String	action1	chars_introduced	{ '%' , '0' , '1' , '2' , '3' , '4' , '5' , '6' , '7' , '8' , '9' , 'A' , 'B' , 'C' , 'D' , 'E' , 'F' }
Coverity.Security.Escape::Uri(System.String)System.String	action1	chars_escaped	{ 0x9 , 0xa , 0xc , 0xd , ' ' , '!' , '"' , '#' , '$' , '%' , '&' , ''' , '(' , ')' , '*' , '+' , ',' , '.' , '/' , ':' , ';' , '<' , '=' , '>' , '?' , '@' , '[' , ']' }
Coverity.Security.Escape::UriParam(System.String)System.String	input	0
Coverity.Security.Escape::UriParam(System.String)System.String	output	-1
Coverity.Security.Escape::UriParam(System.String)System.String	action1	unescaper	URI_PERCENT
Coverity.Security.Escape::UriParam(System.String)System.String	action1	chars_never_in_output	{ 0x9 , 0xa , 0xc , 0xd , ' ' , '!' , '"' , '#' , '$' , '&' , ''' , '(' , ')' , '*' , '+' , ',' , '.' , '/' , ':' , ';' , '<' , '=' , '>' , '?' , '@' , '[' , ']' }
Coverity.Security.Escape::UriParam(System.String)System.String	action1	chars_introduced	{ '%' , '0' , '1' , '2' , '3' , '4' , '5' , '6' , '7' , '8' , '9' , 'A' , 'B' , 'C' , 'D' , 'E' , 'F' }
Coverity.Security.Escape::UriParam(System.String)System.String	action1	chars_escaped	{ 0x9 , 0xa , 0xc , 0xd , ' ' , '!' , '"' , '#' , '$' , '%' , '&' , ''' , '(' , ')' , '*' , '+' , ',' , '.' , '/' , ':' , ';' , '<' , '=' , '>' , '?' , '@' , '[' , ']' }
Coverity.Security.Filter.AsCssColor(System.String)System.String	input	0
Coverity.Security.Filter.AsCssColor(System.String)System.String	output	-1
Coverity.Security.Filter.AsCssColor(System.String)System.String	action1	unescaper	NONE
Coverity.Security.Filter.AsCssColor(System.String)System.String	action1	chars_never_in_output	{ 0x1 , 0x2 , 0x3 , 0x4 , 0x5 , 0x6 , 0x7 , 0x8 , 0x9 , 0xa , 0xb , 0xc , 0xd , 0xe , 0xf , 0x10 , 0x11 , 0x12 , 0x13 , 0x14 , 0x15 , 0x16 , 0x17 , 0x18 , 0x19 , 0x1a , 0x1b , 0x1c , 0x1d , 0x1e , 0x1f , ' ' , '!' , '"' , '#' , '$' , '%' , '&' , ''' , '(' , ')' , '*' , '+' , ',' , '-' , '.' , '/' , '0' , '1' , '2' , '3' , '4' , '5' , '6' , '7' , '8' , '9' , ':' , ';' , '<' , '=' , '>' , '?' , '@' , '[' , '\' , ']' , '^' , '_' , '`' , '{' , '|' , '}' , '~' , 0x7f , 0x80 , 0x81 , 0x82 , 0x83 , 0x84 , 0x85 , 0x86 , 0x87 , 0x88 , 0x89 , 0x8a , 0x8b , 0x8c , 0x8d , 0x8e , 0x8f , 0x90 , 0x91 , 0x92 , 0x93 , 0x94 , 0x95 , 0x96 , 0x97 , 0x98 , 0x99 , 0x9a , 0x9b , 0x9c , 0x9d , 0x9e , 0x9f , 0xa0 , 0xa1 , 0xa2 , 0xa3 , 0xa4 , 0xa5 , 0xa6 , 0xa7 , 0xa8 , 0xa9 , 0xaa , 0xab , 0xac , 0xad , 0xae , 0xaf , 0xb0 , 0xb1 , 0xb2 , 0xb3 , 0xb4 , 0xb5 , 0xb6 , 0xb7 , 0xb8 , 0xb9 , 0xba , 0xbb , 0xbc , 0xbd , 0xbe , 0xbf , 0xc0 , 0xc1 , 0xc2 , 0xc3 , 0xc4 , 0xc5 , 0xc6 , 0xc7 , 0xc8 , 0xc9 , 0xca , 0xcb , 0xcc , 0xcd , 0xce , 0xcf , 0xd0 , 0xd1 , 0xd2 , 0xd3 , 0xd4 , 0xd5 , 0xd6 , 0xd7 , 0xd8 , 0xd9 , 0xda , 0xdb , 0xdc , 0xdd , 0xde , 0xdf , 0xe0 , 0xe1 , 0xe2 , 0xe3 , 0xe4 , 0xe5 , 0xe6 , 0xe7 , 0xe8 , 0xe9 , 0xea , 0xeb , 0xec , 0xed , 0xee , 0xef , 0xf0 , 0xf1 , 0xf2 , 0xf3 , 0xf4 , 0xf5 , 0xf6 , 0xf7 , 0xf8 , 0xf9 , 0xfa , 0xfb , 0xfc , 0xfd , 0xfe , 0xff , 0x100 , 0x3b1 , 0x681 , 0x1680 , 0x180e , 0x2000 , 0x2001 , 0x2002 , 0x2003 , 0x2004 , 0x2005 , 0x2006 , 0x2007 , 0x2008 , 0x2009 , 0x200a , 0x200b , 0x200c , 0x200d , 0x200e , 0x200f , 0x2010 , 0x2011 , 0x2012 , 0x2013 , 0x2014 , 0x2015 , 0x2016 , 0x2017 , 0x2018 , 0x2019 , 0x201a , 0x201b , 0x201c , 0x201d , 0x201e , 0x201f , 0x2020 , 0x2021 , 0x2022 , 0x2023 , 0x2024 , 0x2025 , 0x2026 , 0x2027 , 0x2028 , 0x2029 , 0x202a , 0x202b , 0x202c , 0x202d , 0x202e , 0x202f , 0x2030 , 0x2031 , 0x2032 , 0x2033 , 0x2034 , 0x2035 , 0x2036 , 0x2037 , 0x2038 , 0x2039 , 0x203a , 0x203b , 0x203c , 0x203d , 0x203e , 0x203f , 0x2040 , 0x2041 , 0x2042 , 0x2043 , 0x2044 , 0x2045 , 0x2046 , 0x2047 , 0x2048 , 0x2049 , 0x204a , 0x204b , 0x204c , 0x204d , 0x204e , 0x204f , 0x2050 , 0x2051 , 0x2052 , 0x2053 , 0x2054 , 0x2055 , 0x2056 , 0x2057 , 0x2058 , 0x2059 , 0x205a , 0x205b , 0x205c , 0x205d , 0x205e , 0x205f , 0x2060 , 0x2061 , 0x2062 , 0x2063 , 0x2064 , 0x2065 , 0x2066 , 0x2067 , 0x2068 , 0x2069 , 0x206a , 0x206b , 0x206c , 0x206d , 0x206e , 0x3000 , 0x4e15 , 0xfeff }
Coverity.Security.Filter.AsCssColor(System.String)System.String	action1	chars_introduced	{ 'a' , 'd' , 'i' , 'l' , 'n' , 'v' }
Coverity.Security.Filter.AsCssColor(System.String)System.String	action1	chars_escaped	{ }
Coverity.Security.Filter.AsFlexibleURL(System.String)System.String	input	0
Coverity.Security.Filter.AsFlexibleURL(System.String)System.String	output	-1
Coverity.Security.Filter.AsFlexibleURL(System.String)System.String	action1	unescaper	NONE
Coverity.Security.Filter.AsFlexibleURL(System.String)System.String	action1	chars_never_in_output	{ }
Coverity.Security.Filter.AsFlexibleURL(System.String)System.String	action1	chars_introduced	{ '.' , '/' }
Coverity.Security.Filter.AsFlexibleURL(System.String)System.String	action1	chars_escaped	{ }
Coverity.Security.Filter.AsNumber(System.String)System.String	input	0
Coverity.Security.Filter.AsNumber(System.String)System.String	output	-1
Coverity.Security.Filter.AsNumber(System.String)System.String	action1	unescaper	NONE
Coverity.Security.Filter.AsNumber(System.String)System.String	action1	chars_never_in_output	{ 0x1 , 0x2 , 0x3 , 0x4 , 0x5 , 0x6 , 0x7 , 0x8 , 0x9 , 0xa , 0xb , 0xc , 0xd , 0xe , 0xf , 0x10 , 0x11 , 0x12 , 0x13 , 0x14 , 0x15 , 0x16 , 0x17 , 0x18 , 0x19 , 0x1a , 0x1b , 0x1c , 0x1d , 0x1e , 0x1f , ' ' , '!' , '"' , '#' , '$' , '%' , '&' , ''' , '(' , ')' , '*' , '+' , ',' , '-' , '.' , '/' , ':' , ';' , '<' , '=' , '>' , '?' , '@' , 'A' , 'B' , 'C' , 'D' , 'E' , 'F' , 'G' , 'H' , 'I' , 'J' , 'K' , 'L' , 'M' , 'N' , 'O' , 'P' , 'Q' , 'R' , 'S' , 'T' , 'U' , 'V' , 'W' , 'X' , 'Y' , 'Z' , '[' , '\' , ']' , '^' , '_' , '`' , 'a' , 'b' , 'c' , 'd' , 'e' , 'f' , 'g' , 'h' , 'i' , 'j' , 'k' , 'l' , 'm' , 'n' , 'o' , 'p' , 'q' , 'r' , 's' , 't' , 'u' , 'v' , 'w' , 'x' , 'y' , 'z' , '{' , '|' , '}' , '~' , 0x7f , 0x80 , 0x81 , 0x82 , 0x83 , 0x84 , 0x85 , 0x86 , 0x87 , 0x88 , 0x89 , 0x8a , 0x8b , 0x8c , 0x8d , 0x8e , 0x8f , 0x90 , 0x91 , 0x92 , 0x93 , 0x94 , 0x95 , 0x96 , 0x97 , 0x98 , 0x99 , 0x9a , 0x9b , 0x9c , 0x9d , 0x9e , 0x9f , 0xa0 , 0xa1 , 0xa2 , 0xa3 , 0xa4 , 0xa5 , 0xa6 , 0xa7 , 0xa8 , 0xa9 , 0xaa , 0xab , 0xac , 0xad , 0xae , 0xaf , 0xb0 , 0xb1 , 0xb2 , 0xb3 , 0xb4 , 0xb5 , 0xb6 , 0xb7 , 0xb8 , 0xb9 , 0xba , 0xbb , 0xbc , 0xbd , 0xbe , 0xbf , 0xc0 , 0xc1 , 0xc2 , 0xc3 , 0xc4 , 0xc5 , 0xc6 , 0xc7 , 0xc8 , 0xc9 , 0xca , 0xcb , 0xcc , 0xcd , 0xce , 0xcf , 0xd0 , 0xd1 , 0xd2 , 0xd3 , 0xd4 , 0xd5 , 0xd6 , 0xd7 , 0xd8 , 0xd9 , 0xda , 0xdb , 0xdc , 0xdd , 0xde , 0xdf , 0xe0 , 0xe1 , 0xe2 , 0xe3 , 0xe4 , 0xe5 , 0xe6 , 0xe7 , 0xe8 , 0xe9 , 0xea , 0xeb , 0xec , 0xed , 0xee , 0xef , 0xf0 , 0xf1 , 0xf2 , 0xf3 , 0xf4 , 0xf5 , 0xf6 , 0xf7 , 0xf8 , 0xf9 , 0xfa , 0xfb , 0xfc , 0xfd , 0xfe , 0xff , 0x100 , 0x3b1 , 0x681 , 0x1680 , 0x180e , 0x2000 , 0x2001 , 0x2002 , 0x2003 , 0x2004 , 0x2005 , 0x2006 , 0x2007 , 0x2008 , 0x2009 , 0x200a , 0x200b , 0x200c , 0x200d , 0x200e , 0x200f , 0x2010 , 0x2011 , 0x2012 , 0x2013 , 0x2014 , 0x2015 , 0x2016 , 0x2017 , 0x2018 , 0x2019 , 0x201a , 0x201b , 0x201c , 0x201d , 0x201e , 0x201f , 0x2020 , 0x2021 , 0x2022 , 0x2023 , 0x2024 , 0x2025 , 0x2026 , 0x2027 , 0x2028 , 0x2029 , 0x202a , 0x202b , 0x202c , 0x202d , 0x202e , 0x202f , 0x2030 , 0x2031 , 0x2032 , 0x2033 , 0x2034 , 0x2035 , 0x2036 , 0x2037 , 0x2038 , 0x2039 , 0x203a , 0x203b , 0x203c , 0x203d , 0x203e , 0x203f , 0x2040 , 0x2041 , 0x2042 , 0x2043 , 0x2044 , 0x2045 , 0x2046 , 0x2047 , 0x2048 , 0x2049 , 0x204a , 0x204b , 0x204c , 0x204d , 0x204e , 0x204f , 0x2050 , 0x2051 , 0x2052 , 0x2053 , 0x2054 , 0x2055 , 0x2056 , 0x2057 , 0x2058 , 0x2059 , 0x205a , 0x205b , 0x205c , 0x205d , 0x205e , 0x205f , 0x2060 , 0x2061 , 0x2062 , 0x2063 , 0x2064 , 0x2065 , 0x2066 , 0x2067 , 0x2068 , 0x2069 , 0x206a , 0x206b , 0x206c , 0x206d , 0x206e , 0x3000 , 0x4e15 , 0xfeff }
Coverity.Security.Filter.AsNumber(System.String)System.String	action1	chars_introduced	{ '0' }
Coverity.Security.Filter.AsNumber(System.String)System.String	action1	chars_escaped	{ }
Coverity.Security.Filter.AsURL(System.String)System.String	input	0
Coverity.Security.Filter.AsURL(System.String)System.String	output	-1
Coverity.Security.Filter.AsURL(System.String)System.String	action1	unescaper	NONE
Coverity.Security.Filter.AsURL(System.String)System.String	action1	chars_never_in_output	{ }
Coverity.Security.Filter.AsURL(System.String)System.String	action1	chars_introduced	{ '.' , '/' }
Coverity.Security.Filter.AsURL(System.String)System.String	action1	chars_escaped	{ }
HttpUtility::HtmlEncode(System.Object) on non-IHtmlString	input	0
HttpUtility::HtmlEncode(System.Object) on non-IHtmlString	output	-1
HttpUtility::HtmlEncode(System.Object) on non-IHtmlString	action1	unescaper	HTML_ENTITY
HttpUtility::HtmlEncode(System.Object) on non-IHtmlString	action1	chars_never_in_output	{ '"' , ''' , '<' , '>' }
HttpUtility::HtmlEncode(System.Object) on non-IHtmlString	action1	chars_introduced	{ '#' , '&' , '3' , '9' , ';' , 'a' , 'g' , 'l' , 'm' , 'o' , 'p' , 'q' , 't' , 'u' }
HttpUtility::HtmlEncode(System.Object) on non-IHtmlString	action1	chars_escaped	{ '"' , '&' , ''' , '<' , '>' }
System.Net.WebUtility::HtmlEncode(System.String)System.String	input	0
System.Net.WebUtility::HtmlEncode(System.String)System.String	output	-1
System.Net.WebUtility::HtmlEncode(System.String)System.String	action1	unescaper	HTML_ENTITY
System.Net.WebUtility::HtmlEncode(System.String)System.String	action1	chars_never_in_output	{ '"' , ''' , '<' , '>' }
System.Net.WebUtility::HtmlEncode(System.String)System.String	action1	chars_introduced	{ '#' , '&' , '3' , '9' , ';' , 'a' , 'g' , 'l' , 'm' , 'o' , 'p' , 'q' , 't' , 'u' }
System.Net.WebUtility::HtmlEncode(System.String)System.String	action1	chars_escaped	{ '"' , '&' , ''' , '<' , '>' }
System.Net.WebUtility::UrlEncode(System.String)System.String	input	0
System.Net.WebUtility::UrlEncode(System.String)System.String	output	-1
System.Net.WebUtility::UrlEncode(System.String)System.String	action1	unescaper	URI_PERCENT
System.Net.WebUtility::UrlEncode(System.String)System.String	action1	chars_never_in_output	{ 0x9 , 0xa , 0xc , 0xd , ' ' , '!' , '"' , '#' , '$' , '&' , ''' , '(' , ')' , '*' , '+' , ',' , '.' , '/' , ':' , ';' , '<' , '=' , '>' , '?' , '@' , '[' , ']' }
System.Net.WebUtility::UrlEncode(System.String)System.String	action1	chars_introduced	{ '%' , '0' , '1' , '2' , '3' , '4' , '5' , '6' , '7' , '8' , '9' , 'A' , 'B' , 'C' , 'D' , 'E' , 'F' }
System.Net.WebUtility::UrlEncode(System.String)System.String	action1	chars_escaped	{ 0x9 , 0xa , 0xc , 0xd , ' ' , '!' , '"' , '#' , '$' , '%' , '&' , ''' , '(' , ')' , '*' , '+' , ',' , '.' , '/' , ':' , ';' , '<' , '=' , '>' , '?' , '@' , '[' , ']' }
System.Net.WebUtility::UrlEncodeToBytes(byte[])System.String	input	0
System.Net.WebUtility::UrlEncodeToBytes(byte[])System.String	output	-1
System.Net.WebUtility::UrlEncodeToBytes(byte[])System.String	action1	unescaper	URI_PERCENT
System.Net.WebUtility::UrlEncodeToBytes(byte[])System.String	action1	chars_never_in_output	{ 0x9 , 0xa , 0xc , 0xd , ' ' , '!' , '"' , '#' , '$' , '&' , ''' , '(' , ')' , '*' , '+' , ',' , '.' , '/' , ':' , ';' , '<' , '=' , '>' , '?' , '@' , '[' , ']' }
System.Net.WebUtility::UrlEncodeToBytes(byte[])System.String	action1	chars_introduced	{ '%' , '0' , '1' , '2' , '3' , '4' , '5' , '6' , '7' , '8' , '9' , 'A' , 'B' , 'C' , 'D' , 'E' , 'F' }
System.Net.WebUtility::UrlEncodeToBytes(byte[])System.String	action1	chars_escaped	{ 0x9 , 0xa , 0xc , 0xd , ' ' , '!' , '"' , '#' , '$' , '%' , '&' , ''' , '(' , ')' , '*' , '+' , ',' , '.' , '/' , ':' , ';' , '<' , '=' , '>' , '?' , '@' , '[' , ']' }
System.Web.HttpServerUtility::HtmlEncode(System.String)System.String	input	0
System.Web.HttpServerUtility::HtmlEncode(System.String)System.String	output	-1
System.Web.HttpServerUtility::HtmlEncode(System.String)System.String	action1	unescaper	HTML_ENTITY
System.Web.HttpServerUtility::HtmlEncode(System.String)System.String	action1	chars_never_in_output	{ '"' , ''' , '<' , '>' }
System.Web.HttpServerUtility::HtmlEncode(System.String)System.String	action1	chars_introduced	{ '#' , '&' , '3' , '9' , ';' , 'a' , 'g' , 'l' , 'm' , 'o' , 'p' , 'q' , 't' , 'u' }
System.Web.HttpServerUtility::HtmlEncode(System.String)System.String	action1	chars_escaped	{ '"' , '&' , ''' , '<' , '>' }
System.Web.HttpServerUtility::UrlEncode(System.String)System.String	input	0
System.Web.HttpServerUtility::UrlEncode(System.String)System.String	output	-1
System.Web.HttpServerUtility::UrlEncode(System.String)System.String	action1	unescaper	URI_PERCENT
System.Web.HttpServerUtility::UrlEncode(System.String)System.String	action1	chars_never_in_output	{ 0x9 , 0xa , 0xc , 0xd , ' ' , '!' , '"' , '#' , '$' , '&' , ''' , '(' , ')' , '*' , '+' , ',' , '.' , '/' , ':' , ';' , '<' , '=' , '>' , '?' , '@' , '[' , ']' }
System.Web.HttpServerUtility::UrlEncode(System.String)System.String	action1	chars_introduced	{ '%' , '0' , '1' , '2' , '3' , '4' , '5' , '6' , '7' , '8' , '9' , 'A' , 'B' , 'C' , 'D' , 'E' , 'F' }
System.Web.HttpServerUtility::UrlEncode(System.String)System.String	action1	chars_escaped	{ 0x9 , 0xa , 0xc , 0xd , ' ' , '!' , '"' , '#' , '$' , '%' , '&' , ''' , '(' , ')' , '*' , '+' , ',' , '.' , '/' , ':' , ';' , '<' , '=' , '>' , '?' , '@' , '[' , ']' }
System.Web.HttpServerUtility::UrlPathEncode(System.String)System.String	input	0
System.Web.HttpServerUtility::UrlPathEncode(System.String)System.String	output	-1
System.Web.HttpServerUtility::UrlPathEncode(System.String)System.String	action1	unescaper	URI_PERCENT
System.Web.HttpServerUtility::UrlPathEncode(System.String)System.String	action1	chars_never_in_output	{ 0x9 , 0xa , 0xc , 0xd , '!' , '"' , '#' , '$' , '&' , ''' , '(' , ')' , '*' , '+' , ',' , '.' , '/' , ':' , ';' , '<' , '=' , '>' , '?' , '@' , '[' , ']' }
System.Web.HttpServerUtility::UrlPathEncode(System.String)System.String	action1	chars_introduced	{ '%' , '0' , '1' , '2' , '3' , '4' , '5' , '6' , '7' , '8' , '9' , 'A' , 'B' , 'C' , 'D' , 'E' , 'F' }
System.Web.HttpServerUtility::UrlPathEncode(System.String)System.String	action1	chars_escaped	{ 0x9 , 0xa , 0xc , 0xd , '!' , '"' , '#' , '$' , '%' , '&' , ''' , '(' , ')' , '*' , '+' , ',' , '.' , '/' , ':' , ';' , '<' , '=' , '>' , '?' , '@' , '[' , ']' }
System.Web.HttpServerUtilityBase::HtmlEncode(System.String)System.String	input	0
System.Web.HttpServerUtilityBase::HtmlEncode(System.String)System.String	output	-1
System.Web.HttpServerUtilityBase::HtmlEncode(System.String)System.String	action1	unescaper	HTML_ENTITY
System.Web.HttpServerUtilityBase::HtmlEncode(System.String)System.String	action1	chars_never_in_output	{ '"' , ''' , '<' , '>' }
System.Web.HttpServerUtilityBase::HtmlEncode(System.String)System.String	action1	chars_introduced	{ '#' , '&' , '3' , '9' , ';' , 'a' , 'g' , 'l' , 'm' , 'o' , 'p' , 'q' , 't' , 'u' }
System.Web.HttpServerUtilityBase::HtmlEncode(System.String)System.String	action1	chars_escaped	{ '"' , '&' , ''' , '<' , '>' }
System.Web.HttpServerUtilityBase::UrlEncode(System.String)System.String	input	0
System.Web.HttpServerUtilityBase::UrlEncode(System.String)System.String	output	-1
System.Web.HttpServerUtilityBase::UrlEncode(System.String)System.String	action1	unescaper	URI_PERCENT
System.Web.HttpServerUtilityBase::UrlEncode(System.String)System.String	action1	chars_never_in_output	{ 0x9 , 0xa , 0xc , 0xd , ' ' , '!' , '"' , '#' , '$' , '&' , ''' , '(' , ')' , '*' , '+' , ',' , '.' , '/' , ':' , ';' , '<' , '=' , '>' , '?' , '@' , '[' , ']' }
System.Web.HttpServerUtilityBase::UrlEncode(System.String)System.String	action1	chars_introduced	{ '%' , '0' , '1' , '2' , '3' , '4' , '5' , '6' , '7' , '8' , '9' , 'A' , 'B' , 'C' , 'D' , 'E' , 'F' }
System.Web.HttpServerUtilityBase::UrlEncode(System.String)System.String	action1	chars_escaped	{ 0x9 , 0xa , 0xc , 0xd , ' ' , '!' , '"' , '#' , '$' , '%' , '&' , ''' , '(' , ')' , '*' , '+' , ',' , '.' , '/' , ':' , ';' , '<' , '=' , '>' , '?' , '@' , '[' , ']' }
System.Web.HttpServerUtilityBase::UrlPathEncode(System.String)System.String	input	0
System.Web.HttpServerUtilityBase::UrlPathEncode(System.String)System.String	output	-1
System.Web.HttpServerUtilityBase::UrlPathEncode(System.String)System.String	action1	unescaper	URI_PERCENT
System.Web.HttpServerUtilityBase::UrlPathEncode(System.String)System.String	action1	chars_never_in_output	{ 0x9 , 0xa , 0xc , 0xd , '!' , '"' , '#' , '$' , '&' , ''' , '(' , ')' , '*' , '+' , ',' , '.' , '/' , ':' , ';' , '<' , '=' , '>' , '?' , '@' , '[' , ']' }
System.Web.HttpServerUtilityBase::UrlPathEncode(System.String)System.String	action1	chars_introduced	{ '%' , '0' , '1' , '2' , '3' , '4' , '5' , '6' , '7' , '8' , '9' , 'A' , 'B' , 'C' , 'D' , 'E' , 'F' }
System.Web.HttpServerUtilityBase::UrlPathEncode(System.String)System.String	action1	chars_escaped	{ 0x9 , 0xa , 0xc , 0xd , '!' , '"' , '#' , '$' , '%' , '&' , ''' , '(' , ')' , '*' , '+' , ',' , '.' , '/' , ':' , ';' , '<' , '=' , '>' , '?' , '@' , '[' , ']' }
System.Web.HttpUtility::HtmlAttributeEncode(System.String)System.String	input	0
System.Web.HttpUtility::HtmlAttributeEncode(System.String)System.String	output	-1
System.Web.HttpUtility::HtmlAttributeEncode(System.String)System.String	action1	unescaper	HTML_ENTITY
System.Web.HttpUtility::HtmlAttributeEncode(System.String)System.String	action1	chars_never_in_output	{ '"' , '<' }
System.Web.HttpUtility::HtmlAttributeEncode(System.String)System.String	action1	chars_introduced	{ '#' , '&' , '3' , '9' , ';' , 'a' , 'l' , 'm' , 'o' , 'p' , 'q' , 't' , 'u' }
System.Web.HttpUtility::HtmlAttributeEncode(System.String)System.String	action1	chars_escaped	{ '"' , '&' , '<' }
System.Web.HttpUtility::HtmlEncode(System.Object)System.String	input	0
System.Web.HttpUtility::HtmlEncode(System.Object)System.String	output	-1
System.Web.HttpUtility::HtmlEncode(System.Object)System.String	action1	unescaper	HTML_ENTITY
System.Web.HttpUtility::HtmlEncode(System.Object)System.String	action1	chars_never_in_output	{ '"' , ''' , '<' , '>' }
System.Web.HttpUtility::HtmlEncode(System.Object)System.String	action1	chars_introduced	{ '#' , '&' , '3' , '9' , ';' , 'a' , 'g' , 'l' , 'm' , 'o' , 'p' , 'q' , 't' , 'u' }
System.Web.HttpUtility::HtmlEncode(System.Object)System.String	action1	chars_escaped	{ '"' , '&' , ''' , '<' , '>' }
System.Web.HttpUtility::HtmlEncode(System.String)System.String	input	0
System.Web.HttpUtility::HtmlEncode(System.String)System.String	output	-1
System.Web.HttpUtility::HtmlEncode(System.String)System.String	action1	unescaper	HTML_ENTITY
System.Web.HttpUtility::HtmlEncode(System.String)System.String	action1	chars_never_in_output	{ '"' , ''' , '<' , '>' }
System.Web.HttpUtility::HtmlEncode(System.String)System.String	action1	chars_introduced	{ '#' , '&' , '3' , '9' , ';' , 'a' , 'g' , 'l' , 'm' , 'o' , 'p' , 'q' , 't' , 'u' }
System.Web.HttpUtility::HtmlEncode(System.String)System.String	action1	chars_escaped	{ '"' , '&' , ''' , '<' , '>' }
System.Web.HttpUtility::JavaScriptStringEncode(System.String)System.String	input	0
System.Web.HttpUtility::JavaScriptStringEncode(System.String)System.String	output	-1
System.Web.HttpUtility::JavaScriptStringEncode(System.String)System.String	action1	unescaper	JS_STRING
System.Web.HttpUtility::JavaScriptStringEncode(System.String)System.String	action1	chars_never_in_output	{ 0x8 , 0x9 , 0xa , 0xb , 0xc , 0xd , '"' , '%' , '&' , ''' , '/' , '<' , '>' , 0x2028 , 0x2029 }
System.Web.HttpUtility::JavaScriptStringEncode(System.String)System.String	action1	chars_introduced	{ '0' , '2' , '3' , '5' , '6' , '7' , '8' , '9' , 'A' , 'B' , 'C' , 'D' , 'E' , 'F' , '\' , 'u' }
System.Web.HttpUtility::JavaScriptStringEncode(System.String)System.String	action1	chars_escaped	{ 0x8 , 0x9 , 0xa , 0xb , 0xc , 0xd , '"' , '%' , '&' , ''' , '/' , '<' , '>' , '\' , 0x2028 , 0x2029 }
System.Web.HttpUtility::JavaScriptStringEncode(System.String,System.Boolean)System.String	input	0
System.Web.HttpUtility::JavaScriptStringEncode(System.String,System.Boolean)System.String	output	-1
System.Web.HttpUtility::JavaScriptStringEncode(System.String,System.Boolean)System.String	action1	unescaper	JS_STRING
System.Web.HttpUtility::JavaScriptStringEncode(System.String,System.Boolean)System.String	action1	chars_never_in_output	{ 0x8 , 0x9 , 0xa , 0xb , 0xc , 0xd , '"' , '%' , '&' , ''' , '/' , '<' , '>' , 0x2028 , 0x2029 }
System.Web.HttpUtility::JavaScriptStringEncode(System.String,System.Boolean)System.String	action1	chars_introduced	{ '0' , '2' , '3' , '5' , '6' , '7' , '8' , '9' , 'A' , 'B' , 'C' , 'D' , 'E' , 'F' , '\' , 'u' }
System.Web.HttpUtility::JavaScriptStringEncode(System.String,System.Boolean)System.String	action1	chars_escaped	{ 0x8 , 0x9 , 0xa , 0xb , 0xc , 0xd , '"' , '%' , '&' , ''' , '/' , '<' , '>' , '\' , 0x2028 , 0x2029 }
System.Web.HttpUtility::UrlEncode(System.String)System.String	input	0
System.Web.HttpUtility::UrlEncode(System.String)System.String	output	-1
System.Web.HttpUtility::UrlEncode(System.String)System.String	action1	unescaper	URI_PERCENT
System.Web.HttpUtility::UrlEncode(System.String)System.String	action1	chars_never_in_output	{ 0x9 , 0xa , 0xc , 0xd , ' ' , '!' , '"' , '#' , '$' , '&' , ''' , '(' , ')' , '*' , '+' , ',' , '.' , '/' , ':' , ';' , '<' , '=' , '>' , '?' , '@' , '[' , ']' }
System.Web.HttpUtility::UrlEncode(System.String)System.String	action1	chars_introduced	{ '%' , '0' , '1' , '2' , '3' , '4' , '5' , '6' , '7' , '8' , '9' , 'A' , 'B' , 'C' , 'D' , 'E' , 'F' }
System.Web.HttpUtility::UrlEncode(System.String)System.String	action1	chars_escaped	{ 0x9 , 0xa , 0xc , 0xd , ' ' , '!' , '"' , '#' , '$' , '%' , '&' , ''' , '(' , ')' , '*' , '+' , ',' , '.' , '/' , ':' , ';' , '<' , '=' , '>' , '?' , '@' , '[' , ']' }
System.Web.HttpUtility::UrlEncode(System.String,System.Text.Encoding)System.String	input	0
System.Web.HttpUtility::UrlEncode(System.String,System.Text.Encoding)System.String	output	-1
System.Web.HttpUtility::UrlEncode(System.String,System.Text.Encoding)System.String	action1	unescaper	URI_PERCENT
System.Web.HttpUtility::UrlEncode(System.String,System.Text.Encoding)System.String	action1	chars_never_in_output	{ 0x9 , 0xa , 0xc , 0xd , ' ' , '!' , '"' , '#' , '$' , '&' , ''' , '(' , ')' , '*' , '+' , ',' , '.' , '/' , ':' , ';' , '<' , '=' , '>' , '?' , '@' , '[' , ']' }
System.Web.HttpUtility::UrlEncode(System.String,System.Text.Encoding)System.String	action1	chars_introduced	{ '%' , '0' , '1' , '2' , '3' , '4' , '5' , '6' , '7' , '8' , '9' , 'A' , 'B' , 'C' , 'D' , 'E' , 'F' }
System.Web.HttpUtility::UrlEncode(System.String,System.Text.Encoding)System.String	action1	chars_escaped	{ 0x9 , 0xa , 0xc , 0xd , ' ' , '!' , '"' , '#' , '$' , '%' , '&' , ''' , '(' , ')' , '*' , '+' , ',' , '.' , '/' , ':' , ';' , '<' , '=' , '>' , '?' , '@' , '[' , ']' }
System.Web.HttpUtility::UrlEncode(byte[])System.String	input	0
System.Web.HttpUtility::UrlEncode(byte[])System.String	output	-1
System.Web.HttpUtility::UrlEncode(byte[])System.String	action1	unescaper	URI_PERCENT
System.Web.HttpUtility::UrlEncode(byte[])System.String	action1	chars_never_in_output	{ 0x9 , 0xa , 0xc , 0xd , ' ' , '!' , '"' , '#' , '$' , '&' , ''' , '(' , ')' , '*' , '+' , ',' , '.' , '/' , ':' , ';' , '<' , '=' , '>' , '?' , '@' , '[' , ']' }
System.Web.HttpUtility::UrlEncode(byte[])System.String	action1	chars_introduced	{ '%' , '0' , '1' , '2' , '3' , '4' , '5' , '6' , '7' , '8' , '9' , 'A' , 'B' , 'C' , 'D' , 'E' , 'F' }
System.Web.HttpUtility::UrlEncode(byte[])System.String	action1	chars_escaped	{ 0x9 , 0xa , 0xc , 0xd , ' ' , '!' , '"' , '#' , '$' , '%' , '&' , ''' , '(' , ')' , '*' , '+' , ',' , '.' , '/' , ':' , ';' , '<' , '=' , '>' , '?' , '@' , '[' , ']' }
System.Web.HttpUtility::UrlEncode(byte[],System.Int32,System.Int32)System.String	input	0
System.Web.HttpUtility::UrlEncode(byte[],System.Int32,System.Int32)System.String	output	-1
System.Web.HttpUtility::UrlEncode(byte[],System.Int32,System.Int32)System.String	action1	unescaper	URI_PERCENT
System.Web.HttpUtility::UrlEncode(byte[],System.Int32,System.Int32)System.String	action1	chars_never_in_output	{ 0x9 , 0xa , 0xc , 0xd , ' ' , '!' , '"' , '#' , '$' , '&' , ''' , '(' , ')' , '*' , '+' , ',' , '.' , '/' , ':' , ';' , '<' , '=' , '>' , '?' , '@' , '[' , ']' }
System.Web.HttpUtility::UrlEncode(byte[],System.Int32,System.Int32)System.String	action1	chars_introduced	{ '%' , '0' , '1' , '2' , '3' , '4' , '5' , '6' , '7' , '8' , '9' , 'A' , 'B' , 'C' , 'D' , 'E' , 'F' }
System.Web.HttpUtility::UrlEncode(byte[],System.Int32,System.Int32)System.String	action1	chars_escaped	{ 0x9 , 0xa , 0xc , 0xd , ' ' , '!' , '"' , '#' , '$' , '%' , '&' , ''' , '(' , ')' , '*' , '+' , ',' , '.' , '/' , ':' , ';' , '<' , '=' , '>' , '?' , '@' , '[' , ']' }
System.Web.HttpUtility::UrlEncodeToBytes(System.String)System.String	input	0
System.Web.HttpUtility::UrlEncodeToBytes(System.String)System.String	output	-1
System.Web.HttpUtility::UrlEncodeToBytes(System.String)System.String	action1	unescaper	URI_PERCENT
System.Web.HttpUtility::UrlEncodeToBytes(System.String)System.String	action1	chars_never_in_output	{ 0x9 , 0xa , 0xc , 0xd , ' ' , '!' , '"' , '#' , '$' , '&' , ''' , '(' , ')' , '*' , '+' , ',' , '.' , '/' , ':' , ';' , '<' , '=' , '>' , '?' , '@' , '[' , ']' }
System.Web.HttpUtility::UrlEncodeToBytes(System.String)System.String	action1	chars_introduced	{ '%' , '0' , '1' , '2' , '3' , '4' , '5' , '6' , '7' , '8' , '9' , 'A' , 'B' , 'C' , 'D' , 'E' , 'F' }
System.Web.HttpUtility::UrlEncodeToBytes(System.String)System.String	action1	chars_escaped	{ 0x9 , 0xa , 0xc , 0xd , ' ' , '!' , '"' , '#' , '$' , '%' , '&' , ''' , '(' , ')' , '*' , '+' , ',' , '.' , '/' , ':' , ';' , '<' , '=' , '>' , '?' , '@' , '[' , ']' }
System.Web.HttpUtility::UrlEncodeToBytes(System.String,System.Text.Encoding)System.String	input	0
System.Web.HttpUtility::UrlEncodeToBytes(System.String,System.Text.Encoding)System.String	output	-1
System.Web.HttpUtility::UrlEncodeToBytes(System.String,System.Text.Encoding)System.String	action1	unescaper	URI_PERCENT
System.Web.HttpUtility::UrlEncodeToBytes(System.String,System.Text.Encoding)System.String	action1	chars_never_in_output	{ 0x9 , 0xa , 0xc , 0xd , ' ' , '!' , '"' , '#' , '$' , '&' , ''' , '(' , ')' , '*' , '+' , ',' , '.' , '/' , ':' , ';' , '<' , '=' , '>' , '?' , '@' , '[' , ']' }
System.Web.HttpUtility::UrlEncodeToBytes(System.String,System.Text.Encoding)System.String	action1	chars_introduced	{ '%' , '0' , '1' , '2' , '3' , '4' , '5' , '6' , '7' , '8' , '9' , 'A' , 'B' , 'C' , 'D' , 'E' , 'F' }
System.Web.HttpUtility::UrlEncodeToBytes(System.String,System.Text.Encoding)System.String	action1	chars_escaped	{ 0x9 , 0xa , 0xc , 0xd , ' ' , '!' , '"' , '#' , '$' , '%' , '&' , ''' , '(' , ')' , '*' , '+' , ',' , '.' , '/' , ':' , ';' , '<' , '=' , '>' , '?' , '@' , '[' , ']' }
System.Web.HttpUtility::UrlEncodeToBytes(byte[])System.String	input	0
System.Web.HttpUtility::UrlEncodeToBytes(byte[])System.String	output	-1
System.Web.HttpUtility::UrlEncodeToBytes(byte[])System.String	action1	unescaper	URI_PERCENT
System.Web.HttpUtility::UrlEncodeToBytes(byte[])System.String	action1	chars_never_in_output	{ 0x9 , 0xa , 0xc , 0xd , ' ' , '!' , '"' , '#' , '$' , '&' , ''' , '(' , ')' , '*' , '+' , ',' , '.' , '/' , ':' , ';' , '<' , '=' , '>' , '?' , '@' , '[' , ']' }
System.Web.HttpUtility::UrlEncodeToBytes(byte[])System.String	action1	chars_introduced	{ '%' , '0' , '1' , '2' , '3' , '4' , '5' , '6' , '7' , '8' , '9' , 'A' , 'B' , 'C' , 'D' , 'E' , 'F' }
System.Web.HttpUtility::UrlEncodeToBytes(byte[])System.String	action1	chars_escaped	{ 0x9 , 0xa , 0xc , 0xd , ' ' , '!' , '"' , '#' , '$' , '%' , '&' , ''' , '(' , ')' , '*' , '+' , ',' , '.' , '/' , ':' , ';' , '<' , '=' , '>' , '?' , '@' , '[' , ']' }
System.Web.HttpUtility::UrlEncodeUnicode(System.String)System.String	input	0
System.Web.HttpUtility::UrlEncodeUnicode(System.String)System.String	output	-1
System.Web.HttpUtility::UrlEncodeUnicode(System.String)System.String	action1	unescaper	URI_PERCENT
System.Web.HttpUtility::UrlEncodeUnicode(System.String)System.String	action1	chars_never_in_output	{ 0x9 , 0xa , 0xc , 0xd , ' ' , '!' , '"' , '#' , '$' , '&' , ''' , '(' , ')' , '*' , '+' , ',' , '.' , '/' , ':' , ';' , '<' , '=' , '>' , '?' , '@' , '[' , ']' }
System.Web.HttpUtility::UrlEncodeUnicode(System.String)System.String	action1	chars_introduced	{ '%' , '0' , '1' , '2' , '3' , '4' , '5' , '6' , '7' , '8' , '9' , 'A' , 'B' , 'C' , 'D' , 'E' , 'F' }
System.Web.HttpUtility::UrlEncodeUnicode(System.String)System.String	action1	chars_escaped	{ 0x9 , 0xa , 0xc , 0xd , ' ' , '!' , '"' , '#' , '$' , '%' , '&' , ''' , '(' , ')' , '*' , '+' , ',' , '.' , '/' , ':' , ';' , '<' , '=' , '>' , '?' , '@' , '[' , ']' }
System.Web.HttpUtility::UrlEncodeUnicodeToBytes(System.String)System.String	input	0
System.Web.HttpUtility::UrlEncodeUnicodeToBytes(System.String)System.String	output	-1
System.Web.HttpUtility::UrlEncodeUnicodeToBytes(System.String)System.String	action1	unescaper	URI_PERCENT
System.Web.HttpUtility::UrlEncodeUnicodeToBytes(System.String)System.String	action1	chars_never_in_output	{ 0x9 , 0xa , 0xc , 0xd , ' ' , '!' , '"' , '#' , '$' , '&' , ''' , '(' , ')' , '*' , '+' , ',' , '.' , '/' , ':' , ';' , '<' , '=' , '>' , '?' , '@' , '[' , ']' }
System.Web.HttpUtility::UrlEncodeUnicodeToBytes(System.String)System.String	action1	chars_introduced	{ '%' , '0' , '1' , '2' , '3' , '4' , '5' , '6' , '7' , '8' , '9' , 'A' , 'B' , 'C' , 'D' , 'E' , 'F' }
System.Web.HttpUtility::UrlEncodeUnicodeToBytes(System.String)System.String	action1	chars_escaped	{ 0x9 , 0xa , 0xc , 0xd , ' ' , '!' , '"' , '#' , '$' , '%' , '&' , ''' , '(' , ')' , '*' , '+' , ',' , '.' , '/' , ':' , ';' , '<' , '=' , '>' , '?' , '@' , '[' , ']' }
System.Web.HttpUtility::UrlPathEncode(System.String)System.String	input	0
System.Web.HttpUtility::UrlPathEncode(System.String)System.String	output	-1
System.Web.HttpUtility::UrlPathEncode(System.String)System.String	action1	unescaper	URI_PERCENT
System.Web.HttpUtility::UrlPathEncode(System.String)System.String	action1	chars_never_in_output	{ 0x9 , 0xa , 0xc , 0xd , '!' , '"' , '#' , '$' , '&' , ''' , '(' , ')' , '*' , '+' , ',' , '.' , '/' , ':' , ';' , '<' , '=' , '>' , '?' , '@' , '[' , ']' }
System.Web.HttpUtility::UrlPathEncode(System.String)System.String	action1	chars_introduced	{ '%' , '0' , '1' , '2' , '3' , '4' , '5' , '6' , '7' , '8' , '9' , 'A' , 'B' , 'C' , 'D' , 'E' , 'F' }
System.Web.HttpUtility::UrlPathEncode(System.String)System.String	action1	chars_escaped	{ 0x9 , 0xa , 0xc , 0xd , '!' , '"' , '#' , '$' , '%' , '&' , ''' , '(' , ')' , '*' , '+' , ',' , '.' , '/' , ':' , ';' , '<' , '=' , '>' , '?' , '@' , '[' , ']' }
System.Web.Mvc.Html.LinkExtensions::ActionLink(System.Web.Mvc.HtmlHelper,System.String,System.String)System.Web.Mvc.MvcHtmlString	input	1
System.Web.Mvc.Html.LinkExtensions::ActionLink(System.Web.Mvc.HtmlHelper,System.String,System.String)System.Web.Mvc.MvcHtmlString	output	-1
System.Web.Mvc.Html.LinkExtensions::ActionLink(System.Web.Mvc.HtmlHelper,System.String,System.String)System.Web.Mvc.MvcHtmlString	action1	unescaper	HTML_ENTITY
System.Web.Mvc.Html.LinkExtensions::ActionLink(System.Web.Mvc.HtmlHelper,System.String,System.String)System.Web.Mvc.MvcHtmlString	action1	chars_never_in_output	{ '"' , ''' , '<' , '>' }
System.Web.Mvc.Html.LinkExtensions::ActionLink(System.Web.Mvc.HtmlHelper,System.String,System.String)System.Web.Mvc.MvcHtmlString	action1	chars_introduced	{ '#' , '&' , '3' , '9' , ';' , 'a' , 'g' , 'l' , 'm' , 'o' , 'p' , 'q' , 't' , 'u' }
System.Web.Mvc.Html.LinkExtensions::ActionLink(System.Web.Mvc.HtmlHelper,System.String,System.String)System.Web.Mvc.MvcHtmlString	action1	chars_escaped	{ '"' , '&' , ''' , '<' , '>' }
System.Web.Mvc.Html.LinkExtensions::ActionLink(System.Web.Mvc.HtmlHelper,System.String,System.String,System.Object)System.Web.Mvc.MvcHtmlString	input	1
System.Web.Mvc.Html.LinkExtensions::ActionLink(System.Web.Mvc.HtmlHelper,System.String,System.String,System.Object)System.Web.Mvc.MvcHtmlString	output	-1
System.Web.Mvc.Html.LinkExtensions::ActionLink(System.Web.Mvc.HtmlHelper,System.String,System.String,System.Object)System.Web.Mvc.MvcHtmlString	action1	unescaper	HTML_ENTITY
System.Web.Mvc.Html.LinkExtensions::ActionLink(System.Web.Mvc.HtmlHelper,System.String,System.String,System.Object)System.Web.Mvc.MvcHtmlString	action1	chars_never_in_output	{ '"' , ''' , '<' , '>' }
System.Web.Mvc.Html.LinkExtensions::ActionLink(System.Web.Mvc.HtmlHelper,System.String,System.String,System.Object)System.Web.Mvc.MvcHtmlString	action1	chars_introduced	{ '#' , '&' , '3' , '9' , ';' , 'a' , 'g' , 'l' , 'm' , 'o' , 'p' , 'q' , 't' , 'u' }
System.Web.Mvc.Html.LinkExtensions::ActionLink(System.Web.Mvc.HtmlHelper,System.String,System.String,System.Object)System.Web.Mvc.MvcHtmlString	action1	chars_escaped	{ '"' , '&' , ''' , '<' , '>' }
System.Web.Mvc.Html.LinkExtensions::ActionLink(System.Web.Mvc.HtmlHelper,System.String,System.String,System.Object,System.Object)System.Web.Mvc.MvcHtmlString	input	1
System.Web.Mvc.Html.LinkExtensions::ActionLink(System.Web.Mvc.HtmlHelper,System.String,System.String,System.Object,System.Object)System.Web.Mvc.MvcHtmlString	output	-1
System.Web.Mvc.Html.LinkExtensions::ActionLink(System.Web.Mvc.HtmlHelper,System.String,System.String,System.Object,System.Object)System.Web.Mvc.MvcHtmlString	action1	unescaper	HTML_ENTITY
System.Web.Mvc.Html.LinkExtensions::ActionLink(System.Web.Mvc.HtmlHelper,System.String,System.String,System.Object,System.Object)System.Web.Mvc.MvcHtmlString	action1	chars_never_in_output	{ '"' , ''' , '<' , '>' }
System.Web.Mvc.Html.LinkExtensions::ActionLink(System.Web.Mvc.HtmlHelper,System.String,System.String,System.Object,System.Object)System.Web.Mvc.MvcHtmlString	action1	chars_introduced	{ '#' , '&' , '3' , '9' , ';' , 'a' , 'g' , 'l' , 'm' , 'o' , 'p' , 'q' , 't' , 'u' }
System.Web.Mvc.Html.LinkExtensions::ActionLink(System.Web.Mvc.HtmlHelper,System.String,System.String,System.Object,System.Object)System.Web.Mvc.MvcHtmlString	action1	chars_escaped	{ '"' , '&' , ''' , '<' , '>' }
System.Web.Mvc.Html.LinkExtensions::ActionLink(System.Web.Mvc.HtmlHelper,System.String,System.String,System.String)System.Web.Mvc.MvcHtmlString	input	1
System.Web.Mvc.Html.LinkExtensions::ActionLink(System.Web.Mvc.HtmlHelper,System.String,System.String,System.String)System.Web.Mvc.MvcHtmlString	output	-1
System.Web.Mvc.Html.LinkExtensions::ActionLink(System.Web.Mvc.HtmlHelper,System.String,System.String,System.String)System.Web.Mvc.MvcHtmlString	action1	unescaper	HTML_ENTITY
System.Web.Mvc.Html.LinkExtensions::ActionLink(System.Web.Mvc.HtmlHelper,System.String,System.String,System.String)System.Web.Mvc.MvcHtmlString	action1	chars_never_in_output	{ '"' , ''' , '<' , '>' }
System.Web.Mvc.Html.LinkExtensions::ActionLink(System.Web.Mvc.HtmlHelper,System.String,System.String,System.String)System.Web.Mvc.MvcHtmlString	action1	chars_introduced	{ '#' , '&' , '3' , '9' , ';' , 'a' , 'g' , 'l' , 'm' , 'o' , 'p' , 'q' , 't' , 'u' }
System.Web.Mvc.Html.LinkExtensions::ActionLink(System.Web.Mvc.HtmlHelper,System.String,System.String,System.String)System.Web.Mvc.MvcHtmlString	action1	chars_escaped	{ '"' , '&' , ''' , '<' , '>' }
System.Web.Mvc.Html.LinkExtensions::ActionLink(System.Web.Mvc.HtmlHelper,System.String,System.String,System.String,System.Object,System.Object)System.Web.Mvc.MvcHtmlString	input	1
System.Web.Mvc.Html.LinkExtensions::ActionLink(System.Web.Mvc.HtmlHelper,System.String,System.String,System.String,System.Object,System.Object)System.Web.Mvc.MvcHtmlString	output	-1
System.Web.Mvc.Html.LinkExtensions::ActionLink(System.Web.Mvc.HtmlHelper,System.String,System.String,System.String,System.Object,System.Object)System.Web.Mvc.MvcHtmlString	action1	unescaper	HTML_ENTITY
System.Web.Mvc.Html.LinkExtensions::ActionLink(System.Web.Mvc.HtmlHelper,System.String,System.String,System.String,System.Object,System.Object)System.Web.Mvc.MvcHtmlString	action1	chars_never_in_output	{ '"' , ''' , '<' , '>' }
System.Web.Mvc.Html.LinkExtensions::ActionLink(System.Web.Mvc.HtmlHelper,System.String,System.String,System.String,System.Object,System.Object)System.Web.Mvc.MvcHtmlString	action1	chars_introduced	{ '#' , '&' , '3' , '9' , ';' , 'a' , 'g' , 'l' , 'm' , 'o' , 'p' , 'q' , 't' , 'u' }
System.Web.Mvc.Html.LinkExtensions::ActionLink(System.Web.Mvc.HtmlHelper,System.String,System.String,System.String,System.Object,System.Object)System.Web.Mvc.MvcHtmlString	action1	chars_escaped	{ '"' , '&' , ''' , '<' , '>' }
System.Web.Mvc.Html.LinkExtensions::ActionLink(System.Web.Mvc.HtmlHelper,System.String,System.String,System.String,System.String,System.String,System.String,System.Object,System.Object)System.Web.Mvc.MvcHtmlString	input	1
System.Web.Mvc.Html.LinkExtensions::ActionLink(System.Web.Mvc.HtmlHelper,System.String,System.String,System.String,System.String,System.String,System.String,System.Object,System.Object)System.Web.Mvc.MvcHtmlString	output	-1
System.Web.Mvc.Html.LinkExtensions::ActionLink(System.Web.Mvc.HtmlHelper,System.String,System.String,System.String,System.String,System.String,System.String,System.Object,System.Object)System.Web.Mvc.MvcHtmlString	action1	unescaper	HTML_ENTITY
System.Web.Mvc.Html.LinkExtensions::ActionLink(System.Web.Mvc.HtmlHelper,System.String,System.String,System.String,System.String,System.String,System.String,System.Object,System.Object)System.Web.Mvc.MvcHtmlString	action1	chars_never_in_output	{ '"' , ''' , '<' , '>' }
System.Web.Mvc.Html.LinkExtensions::ActionLink(System.Web.Mvc.HtmlHelper,System.String,System.String,System.String,System.String,System.String,System.String,System.Object,System.Object)System.Web.Mvc.MvcHtmlString	action1	chars_introduced	{ '#' , '&' , '3' , '9' , ';' , 'a' , 'g' , 'l' , 'm' , 'o' , 'p' , 'q' , 't' , 'u' }
System.Web.Mvc.Html.LinkExtensions::ActionLink(System.Web.Mvc.HtmlHelper,System.String,System.String,System.String,System.String,System.String,System.String,System.Object,System.Object)System.Web.Mvc.MvcHtmlString	action1	chars_escaped	{ '"' , '&' , ''' , '<' , '>' }
System.Web.Mvc.Html.LinkExtensions::RouteLink(System.Web.Mvc.HtmlHelper,System.String,System.Object)System.Web.Mvc.MvcHtmlString	input	1
System.Web.Mvc.Html.LinkExtensions::RouteLink(System.Web.Mvc.HtmlHelper,System.String,System.Object)System.Web.Mvc.MvcHtmlString	output	-1
System.Web.Mvc.Html.LinkExtensions::RouteLink(System.Web.Mvc.HtmlHelper,System.String,System.Object)System.Web.Mvc.MvcHtmlString	action1	unescaper	HTML_ENTITY
System.Web.Mvc.Html.LinkExtensions::RouteLink(System.Web.Mvc.HtmlHelper,System.String,System.Object)System.Web.Mvc.MvcHtmlString	action1	chars_never_in_output	{ '"' , ''' , '<' , '>' }
System.Web.Mvc.Html.LinkExtensions::RouteLink(System.Web.Mvc.HtmlHelper,System.String,System.Object)System.Web.Mvc.MvcHtmlString	action1	chars_introduced	{ '#' , '&' , '3' , '9' , ';' , 'a' , 'g' , 'l' , 'm' , 'o' , 'p' , 'q' , 't' , 'u' }
System.Web.Mvc.Html.LinkExtensions::RouteLink(System.Web.Mvc.HtmlHelper,System.String,System.Object)System.Web.Mvc.MvcHtmlString	action1	chars_escaped	{ '"' , '&' , ''' , '<' , '>' }
System.Web.Mvc.Html.LinkExtensions::RouteLink(System.Web.Mvc.HtmlHelper,System.String,System.Object,System.Object)System.Web.Mvc.MvcHtmlString	input	1
System.Web.Mvc.Html.LinkExtensions::RouteLink(System.Web.Mvc.HtmlHelper,System.String,System.Object,System.Object)System.Web.Mvc.MvcHtmlString	output	-1
System.Web.Mvc.Html.LinkExtensions::RouteLink(System.Web.Mvc.HtmlHelper,System.String,System.Object,System.Object)System.Web.Mvc.MvcHtmlString	action1	unescaper	HTML_ENTITY
System.Web.Mvc.Html.LinkExtensions::RouteLink(System.Web.Mvc.HtmlHelper,System.String,System.Object,System.Object)System.Web.Mvc.MvcHtmlString	action1	chars_never_in_output	{ '"' , ''' , '<' , '>' }
System.Web.Mvc.Html.LinkExtensions::RouteLink(System.Web.Mvc.HtmlHelper,System.String,System.Object,System.Object)System.Web.Mvc.MvcHtmlString	action1	chars_introduced	{ '#' , '&' , '3' , '9' , ';' , 'a' , 'g' , 'l' , 'm' , 'o' , 'p' , 'q' , 't' , 'u' }
System.Web.Mvc.Html.LinkExtensions::RouteLink(System.Web.Mvc.HtmlHelper,System.String,System.Object,System.Object)System.Web.Mvc.MvcHtmlString	action1	chars_escaped	{ '"' , '&' , ''' , '<' , '>' }
System.Web.Mvc.Html.LinkExtensions::RouteLink(System.Web.Mvc.HtmlHelper,System.String,System.String)System.Web.Mvc.MvcHtmlString	input	1
System.Web.Mvc.Html.LinkExtensions::RouteLink(System.Web.Mvc.HtmlHelper,System.String,System.String)System.Web.Mvc.MvcHtmlString	output	-1
System.Web.Mvc.Html.LinkExtensions::RouteLink(System.Web.Mvc.HtmlHelper,System.String,System.String)System.Web.Mvc.MvcHtmlString	action1	unescaper	HTML_ENTITY
System.Web.Mvc.Html.LinkExtensions::RouteLink(System.Web.Mvc.HtmlHelper,System.String,System.String)System.Web.Mvc.MvcHtmlString	action1	chars_never_in_output	{ '"' , ''' , '<' , '>' }
System.Web.Mvc.Html.LinkExtensions::RouteLink(System.Web.Mvc.HtmlHelper,System.String,System.String)System.Web.Mvc.MvcHtmlString	action1	chars_introduced	{ '#' , '&' , '3' , '9' , ';' , 'a' , 'g' , 'l' , 'm' , 'o' , 'p' , 'q' , 't' , 'u' }
System.Web.Mvc.Html.LinkExtensions::RouteLink(System.Web.Mvc.HtmlHelper,System.String,System.String)System.Web.Mvc.MvcHtmlString	action1	chars_escaped	{ '"' , '&' , ''' , '<' , '>' }
System.Web.Mvc.Html.LinkExtensions::RouteLink(System.Web.Mvc.HtmlHelper,System.String,System.String,System.Object)System.Web.Mvc.MvcHtmlString	input	1
System.Web.Mvc.Html.LinkExtensions::RouteLink(System.Web.Mvc.HtmlHelper,System.String,System.String,System.Object)System.Web.Mvc.MvcHtmlString	output	-1
System.Web.Mvc.Html.LinkExtensions::RouteLink(System.Web.Mvc.HtmlHelper,System.String,System.String,System.Object)System.Web.Mvc.MvcHtmlString	action1	unescaper	HTML_ENTITY
System.Web.Mvc.Html.LinkExtensions::RouteLink(System.Web.Mvc.HtmlHelper,System.String,System.String,System.Object)System.Web.Mvc.MvcHtmlString	action1	chars_never_in_output	{ '"' , ''' , '<' , '>' }
System.Web.Mvc.Html.LinkExtensions::RouteLink(System.Web.Mvc.HtmlHelper,System.String,System.String,System.Object)System.Web.Mvc.MvcHtmlString	action1	chars_introduced	{ '#' , '&' , '3' , '9' , ';' , 'a' , 'g' , 'l' , 'm' , 'o' , 'p' , 'q' , 't' , 'u' }
System.Web.Mvc.Html.LinkExtensions::RouteLink(System.Web.Mvc.HtmlHelper,System.String,System.String,System.Object)System.Web.Mvc.MvcHtmlString	action1	chars_escaped	{ '"' , '&' , ''' , '<' , '>' }
System.Web.Mvc.Html.LinkExtensions::RouteLink(System.Web.Mvc.HtmlHelper,System.String,System.String,System.Object,System.Object)System.Web.Mvc.MvcHtmlString	input	1
System.Web.Mvc.Html.LinkExtensions::RouteLink(System.Web.Mvc.HtmlHelper,System.String,System.String,System.Object,System.Object)System.Web.Mvc.MvcHtmlString	output	-1
System.Web.Mvc.Html.LinkExtensions::RouteLink(System.Web.Mvc.HtmlHelper,System.String,System.String,System.Object,System.Object)System.Web.Mvc.MvcHtmlString	action1	unescaper	HTML_ENTITY
System.Web.Mvc.Html.LinkExtensions::RouteLink(System.Web.Mvc.HtmlHelper,System.String,System.String,System.Object,System.Object)System.Web.Mvc.MvcHtmlString	action1	chars_never_in_output	{ '"' , ''' , '<' , '>' }
System.Web.Mvc.Html.LinkExtensions::RouteLink(System.Web.Mvc.HtmlHelper,System.String,System.String,System.Object,System.Object)System.Web.Mvc.MvcHtmlString	action1	chars_introduced	{ '#' , '&' , '3' , '9' , ';' , 'a' , 'g' , 'l' , 'm' , 'o' , 'p' , 'q' , 't' , 'u' }
System.Web.Mvc.Html.LinkExtensions::RouteLink(System.Web.Mvc.HtmlHelper,System.String,System.String,System.Object,System.Object)System.Web.Mvc.MvcHtmlString	action1	chars_escaped	{ '"' , '&' , ''' , '<' , '>' }
System.Web.Mvc.Html.LinkExtensions::RouteLink(System.Web.Mvc.HtmlHelper,System.String,System.String,System.String,System.String,System.String,System.Object,System.Object)System.Web.Mvc.MvcHtmlString	input	1
System.Web.Mvc.Html.LinkExtensions::RouteLink(System.Web.Mvc.HtmlHelper,System.String,System.String,System.String,System.String,System.String,System.Object,System.Object)System.Web.Mvc.MvcHtmlString	output	-1
System.Web.Mvc.Html.LinkExtensions::RouteLink(System.Web.Mvc.HtmlHelper,System.String,System.String,System.String,System.String,System.String,System.Object,System.Object)System.Web.Mvc.MvcHtmlString	action1	unescaper	HTML_ENTITY
System.Web.Mvc.Html.LinkExtensions::RouteLink(System.Web.Mvc.HtmlHelper,System.String,System.String,System.String,System.String,System.String,System.Object,System.Object)System.Web.Mvc.MvcHtmlString	action1	chars_never_in_output	{ '"' , ''' , '<' , '>' }
System.Web.Mvc.Html.LinkExtensions::RouteLink(System.Web.Mvc.HtmlHelper,System.String,System.String,System.String,System.String,System.String,System.Object,System.Object)System.Web.Mvc.MvcHtmlString	action1	chars_introduced	{ '#' , '&' , '3' , '9' , ';' , 'a' , 'g' , 'l' , 'm' , 'o' , 'p' , 'q' , 't' , 'u' }
System.Web.Mvc.Html.LinkExtensions::RouteLink(System.Web.Mvc.HtmlHelper,System.String,System.String,System.String,System.String,System.String,System.Object,System.Object)System.Web.Mvc.MvcHtmlString	action1	chars_escaped	{ '"' , '&' , ''' , '<' , '>' }
System.Web.Mvc.Html.SelectExtensions::DropDownList(System.Web.Mvc.HtmlHelper,System.String)System.Web.Mvc.MvcHtmlString	input	1
System.Web.Mvc.Html.SelectExtensions::DropDownList(System.Web.Mvc.HtmlHelper,System.String)System.Web.Mvc.MvcHtmlString	output	-1
System.Web.Mvc.Html.SelectExtensions::DropDownList(System.Web.Mvc.HtmlHelper,System.String)System.Web.Mvc.MvcHtmlString	action1	unescaper	HTML_ENTITY
System.Web.Mvc.Html.SelectExtensions::DropDownList(System.Web.Mvc.HtmlHelper,System.String)System.Web.Mvc.MvcHtmlString	action1	chars_never_in_output	{ '"' , '<' }
System.Web.Mvc.Html.SelectExtensions::DropDownList(System.Web.Mvc.HtmlHelper,System.String)System.Web.Mvc.MvcHtmlString	action1	chars_introduced	{ '#' , '&' , '3' , '9' , ';' , 'a' , 'l' , 'm' , 'o' , 'p' , 'q' , 't' , 'u' }
System.Web.Mvc.Html.SelectExtensions::DropDownList(System.Web.Mvc.HtmlHelper,System.String)System.Web.Mvc.MvcHtmlString	action1	chars_escaped	{ '"' , '&' , '<' }
System.Web.Mvc.Html.SelectExtensions::DropDownList(System.Web.Mvc.HtmlHelper,System.String,System.Collections.Generic.IEnumerable`1<System.Web.Mvc.SelectListItem>,System.Collections.Generic.IDictionary`2<System.String,System.Object>)System.Web.Mvc.MvcHtmlString	input	1
System.Web.Mvc.Html.SelectExtensions::DropDownList(System.Web.Mvc.HtmlHelper,System.String,System.Collections.Generic.IEnumerable`1<System.Web.Mvc.SelectListItem>,System.Collections.Generic.IDictionary`2<System.String,System.Object>)System.Web.Mvc.MvcHtmlString	output	-1
System.Web.Mvc.Html.SelectExtensions::DropDownList(System.Web.Mvc.HtmlHelper,System.String,System.Collections.Generic.IEnumerable`1<System.Web.Mvc.SelectListItem>,System.Collections.Generic.IDictionary`2<System.String,System.Object>)System.Web.Mvc.MvcHtmlString	action1	unescaper	HTML_ENTITY
System.Web.Mvc.Html.SelectExtensions::DropDownList(System.Web.Mvc.HtmlHelper,System.String,System.Collections.Generic.IEnumerable`1<System.Web.Mvc.SelectListItem>,System.Collections.Generic.IDictionary`2<System.String,System.Object>)System.Web.Mvc.MvcHtmlString	action1	chars_never_in_output	{ '"' , '<' }
System.Web.Mvc.Html.SelectExtensions::DropDownList(System.Web.Mvc.HtmlHelper,System.String,System.Collections.Generic.IEnumerable`1<System.Web.Mvc.SelectListItem>,System.Collections.Generic.IDictionary`2<System.String,System.Object>)System.Web.Mvc.MvcHtmlString	action1	chars_introduced	{ '#' , '&' , '3' , '9' , ';' , 'a' , 'l' , 'm' , 'o' , 'p' , 'q' , 't' , 'u' }
System.Web.Mvc.Html.SelectExtensions::DropDownList(System.Web.Mvc.HtmlHelper,System.String,System.Collections.Generic.IEnumerable`1<System.Web.Mvc.SelectListItem>,System.Collections.Generic.IDictionary`2<System.String,System.Object>)System.Web.Mvc.MvcHtmlString	action1	chars_escaped	{ '"' , '&' , '<' }
System.Web.Mvc.Html.SelectExtensions::DropDownList(System.Web.Mvc.HtmlHelper,System.String,System.Collections.Generic.IEnumerable`1<System.Web.Mvc.SelectListItem>,System.Object)System.Web.Mvc.MvcHtmlString	input	1
System.Web.Mvc.Html.SelectExtensions::DropDownList(System.Web.Mvc.HtmlHelper,System.String,System.Collections.Generic.IEnumerable`1<System.Web.Mvc.SelectListItem>,System.Object)System.Web.Mvc.MvcHtmlString	output	-1
System.Web.Mvc.Html.SelectExtensions::DropDownList(System.Web.Mvc.HtmlHelper,System.String,System.Collections.Generic.IEnumerable`1<System.Web.Mvc.SelectListItem>,System.Object)System.Web.Mvc.MvcHtmlString	action1	unescaper	HTML_ENTITY
System.Web.Mvc.Html.SelectExtensions::DropDownList(System.Web.Mvc.HtmlHelper,System.String,System.Collections.Generic.IEnumerable`1<System.Web.Mvc.SelectListItem>,System.Object)System.Web.Mvc.MvcHtmlString	action1	chars_never_in_output	{ '"' , '<' }
System.Web.Mvc.Html.SelectExtensions::DropDownList(System.Web.Mvc.HtmlHelper,System.String,System.Collections.Generic.IEnumerable`1<System.Web.Mvc.SelectListItem>,System.Object)System.Web.Mvc.MvcHtmlString	action1	chars_introduced	{ '#' , '&' , '3' , '9' , ';' , 'a' , 'l' , 'm' , 'o' , 'p' , 'q' , 't' , 'u' }
System.Web.Mvc.Html.SelectExtensions::DropDownList(System.Web.Mvc.HtmlHelper,System.String,System.Collections.Generic.IEnumerable`1<System.Web.Mvc.SelectListItem>,System.Object)System.Web.Mvc.MvcHtmlString	action1	chars_escaped	{ '"' , '&' , '<' }
System.Web.Mvc.Html.SelectExtensions::DropDownList(System.Web.Mvc.HtmlHelper,System.String,System.Collections.Generic.IEnumerable`1<System.Web.Mvc.SelectListItem>,System.String,System.Collections.Generic.IDictionary`2<System.String,System.Object>)System.Web.Mvc.MvcHtmlString	input	1
System.Web.Mvc.Html.SelectExtensions::DropDownList(System.Web.Mvc.HtmlHelper,System.String,System.Collections.Generic.IEnumerable`1<System.Web.Mvc.SelectListItem>,System.String,System.Collections.Generic.IDictionary`2<System.String,System.Object>)System.Web.Mvc.MvcHtmlString	output	-1
System.Web.Mvc.Html.SelectExtensions::DropDownList(System.Web.Mvc.HtmlHelper,System.String,System.Collections.Generic.IEnumerable`1<System.Web.Mvc.SelectListItem>,System.String,System.Collections.Generic.IDictionary`2<System.String,System.Object>)System.Web.Mvc.MvcHtmlString	action1	unescaper	HTML_ENTITY
System.Web.Mvc.Html.SelectExtensions::DropDownList(System.Web.Mvc.HtmlHelper,System.String,System.Collections.Generic.IEnumerable`1<System.Web.Mvc.SelectListItem>,System.String,System.Collections.Generic.IDictionary`2<System.String,System.Object>)System.Web.Mvc.MvcHtmlString	action1	chars_never_in_output	{ '"' , '<' }
System.Web.Mvc.Html.SelectExtensions::DropDownList(System.Web.Mvc.HtmlHelper,System.String,System.Collections.Generic.IEnumerable`1<System.Web.Mvc.SelectListItem>,System.String,System.Collections.Generic.IDictionary`2<System.String,System.Object>)System.Web.Mvc.MvcHtmlString	action1	chars_introduced	{ '#' , '&' , '3' , '9' , ';' , 'a' , 'l' , 'm' , 'o' , 'p' , 'q' , 't' , 'u' }
System.Web.Mvc.Html.SelectExtensions::DropDownList(System.Web.Mvc.HtmlHelper,System.String,System.Collections.Generic.IEnumerable`1<System.Web.Mvc.SelectListItem>,System.String,System.Collections.Generic.IDictionary`2<System.String,System.Object>)System.Web.Mvc.MvcHtmlString	action1	chars_escaped	{ '"' , '&' , '<' }
System.Web.Mvc.Html.SelectExtensions::DropDownList(System.Web.Mvc.HtmlHelper,System.String,System.Collections.Generic.IEnumerable`1<System.Web.Mvc.SelectListItem>,System.String,System.Object)System.Web.Mvc.MvcHtmlString	input	1
System.Web.Mvc.Html.SelectExtensions::DropDownList(System.Web.Mvc.HtmlHelper,System.String,System.Collections.Generic.IEnumerable`1<System.Web.Mvc.SelectListItem>,System.String,System.Object)System.Web.Mvc.MvcHtmlString	output	-1
System.Web.Mvc.Html.SelectExtensions::DropDownList(System.Web.Mvc.HtmlHelper,System.String,System.Collections.Generic.IEnumerable`1<System.Web.Mvc.SelectListItem>,System.String,System.Object)System.Web.Mvc.MvcHtmlString	action1	unescaper	HTML_ENTITY
System.Web.Mvc.Html.SelectExtensions::DropDownList(System.Web.Mvc.HtmlHelper,System.String,System.Collections.Generic.IEnumerable`1<System.Web.Mvc.SelectListItem>,System.String,System.Object)System.Web.Mvc.MvcHtmlString	action1	chars_never_in_output	{ '"' , '<' }
System.Web.Mvc.Html.SelectExtensions::DropDownList(System.Web.Mvc.HtmlHelper,System.String,System.Collections.Generic.IEnumerable`1<System.Web.Mvc.SelectListItem>,System.String,System.Object)System.Web.Mvc.MvcHtmlString	action1	chars_introduced	{ '#' , '&' , '3' , '9' , ';' , 'a' , 'l' , 'm' , 'o' , 'p' , 'q' , 't' , 'u' }
System.Web.Mvc.Html.SelectExtensions::DropDownList(System.Web.Mvc.HtmlHelper,System.String,System.Collections.Generic.IEnumerable`1<System.Web.Mvc.SelectListItem>,System.String,System.Object)System.Web.Mvc.MvcHtmlString	action1	chars_escaped	{ '"' , '&' , '<' }
System.Web.Mvc.Html.SelectExtensions::DropDownList(System.Web.Mvc.HtmlHelper,System.String,System.String)System.Web.Mvc.MvcHtmlString	input	1
System.Web.Mvc.Html.SelectExtensions::DropDownList(System.Web.Mvc.HtmlHelper,System.String,System.String)System.Web.Mvc.MvcHtmlString	output	-1
System.Web.Mvc.Html.SelectExtensions::DropDownList(System.Web.Mvc.HtmlHelper,System.String,System.String)System.Web.Mvc.MvcHtmlString	action1	unescaper	HTML_ENTITY
System.Web.Mvc.Html.SelectExtensions::DropDownList(System.Web.Mvc.HtmlHelper,System.String,System.String)System.Web.Mvc.MvcHtmlString	action1	chars_never_in_output	{ '"' , '<' }
System.Web.Mvc.Html.SelectExtensions::DropDownList(System.Web.Mvc.HtmlHelper,System.String,System.String)System.Web.Mvc.MvcHtmlString	action1	chars_introduced	{ '#' , '&' , '3' , '9' , ';' , 'a' , 'l' , 'm' , 'o' , 'p' , 'q' , 't' , 'u' }
System.Web.Mvc.Html.SelectExtensions::DropDownList(System.Web.Mvc.HtmlHelper,System.String,System.String)System.Web.Mvc.MvcHtmlString	action1	chars_escaped	{ '"' , '&' , '<' }
System.Web.Mvc.Html.SelectExtensions::ListBox(System.Web.Mvc.HtmlHelper,System.String)System.Web.Mvc.MvcHtmlString	input	1
System.Web.Mvc.Html.SelectExtensions::ListBox(System.Web.Mvc.HtmlHelper,System.String)System.Web.Mvc.MvcHtmlString	output	-1
System.Web.Mvc.Html.SelectExtensions::ListBox(System.Web.Mvc.HtmlHelper,System.String)System.Web.Mvc.MvcHtmlString	action1	unescaper	HTML_ENTITY
System.Web.Mvc.Html.SelectExtensions::ListBox(System.Web.Mvc.HtmlHelper,System.String)System.Web.Mvc.MvcHtmlString	action1	chars_never_in_output	{ '"' , '<' }
System.Web.Mvc.Html.SelectExtensions::ListBox(System.Web.Mvc.HtmlHelper,System.String)System.Web.Mvc.MvcHtmlString	action1	chars_introduced	{ '#' , '&' , '3' , '9' , ';' , 'a' , 'l' , 'm' , 'o' , 'p' , 'q' , 't' , 'u' }
System.Web.Mvc.Html.SelectExtensions::ListBox(System.Web.Mvc.HtmlHelper,System.String)System.Web.Mvc.MvcHtmlString	action1	chars_escaped	{ '"' , '&' , '<' }
System.Web.Mvc.Html.SelectExtensions::ListBox(System.Web.Mvc.HtmlHelper,System.String,System.Collections.Generic.IEnumerable<System.Web.Mvc.SelectListItem>,System.Object)System.Web.Mvc.MvcHtmlString	input	1
System.Web.Mvc.Html.SelectExtensions::ListBox(System.Web.Mvc.HtmlHelper,System.String,System.Collections.Generic.IEnumerable<System.Web.Mvc.SelectListItem>,System.Object)System.Web.Mvc.MvcHtmlString	output	-1
System.Web.Mvc.Html.SelectExtensions::ListBox(System.Web.Mvc.HtmlHelper,System.String,System.Collections.Generic.IEnumerable<System.Web.Mvc.SelectListItem>,System.Object)System.Web.Mvc.MvcHtmlString	action1	unescaper	HTML_ENTITY
System.Web.Mvc.Html.SelectExtensions::ListBox(System.Web.Mvc.HtmlHelper,System.String,System.Collections.Generic.IEnumerable<System.Web.Mvc.SelectListItem>,System.Object)System.Web.Mvc.MvcHtmlString	action1	chars_never_in_output	{ '"' , '<' }
System.Web.Mvc.Html.SelectExtensions::ListBox(System.Web.Mvc.HtmlHelper,System.String,System.Collections.Generic.IEnumerable<System.Web.Mvc.SelectListItem>,System.Object)System.Web.Mvc.MvcHtmlString	action1	chars_introduced	{ '#' , '&' , '3' , '9' , ';' , 'a' , 'l' , 'm' , 'o' , 'p' , 'q' , 't' , 'u' }
System.Web.Mvc.Html.SelectExtensions::ListBox(System.Web.Mvc.HtmlHelper,System.String,System.Collections.Generic.IEnumerable<System.Web.Mvc.SelectListItem>,System.Object)System.Web.Mvc.MvcHtmlString	action1	chars_escaped	{ '"' , '&' , '<' }
System.Web.Mvc.Html.SelectExtensions::ListBox(System.Web.Mvc.HtmlHelper,System.String,System.Collections.Generic.IEnumerable`1<System.Web.Mvc.SelectListItem>)System.Web.Mvc.MvcHtmlString	input	1
System.Web.Mvc.Html.SelectExtensions::ListBox(System.Web.Mvc.HtmlHelper,System.String,System.Collections.Generic.IEnumerable`1<System.Web.Mvc.SelectListItem>)System.Web.Mvc.MvcHtmlString	output	-1
System.Web.Mvc.Html.SelectExtensions::ListBox(System.Web.Mvc.HtmlHelper,System.String,System.Collections.Generic.IEnumerable`1<System.Web.Mvc.SelectListItem>)System.Web.Mvc.MvcHtmlString	action1	unescaper	HTML_ENTITY
System.Web.Mvc.Html.SelectExtensions::ListBox(System.Web.Mvc.HtmlHelper,System.String,System.Collections.Generic.IEnumerable`1<System.Web.Mvc.SelectListItem>)System.Web.Mvc.MvcHtmlString	action1	chars_never_in_output	{ '"' , '<' }
System.Web.Mvc.Html.SelectExtensions::ListBox(System.Web.Mvc.HtmlHelper,System.String,System.Collections.Generic.IEnumerable`1<System.Web.Mvc.SelectListItem>)System.Web.Mvc.MvcHtmlString	action1	chars_introduced	{ '#' , '&' , '3' , '9' , ';' , 'a' , 'l' , 'm' , 'o' , 'p' , 'q' , 't' , 'u' }
System.Web.Mvc.Html.SelectExtensions::ListBox(System.Web.Mvc.HtmlHelper,System.String,System.Collections.Generic.IEnumerable`1<System.Web.Mvc.SelectListItem>)System.Web.Mvc.MvcHtmlString	action1	chars_escaped	{ '"' , '&' , '<' }
System.Web.Mvc.Html.SelectExtensions::ListBox(System.Web.Mvc.HtmlHelper,System.String,System.Collections.Generic.IEnumerable`1<System.Web.Mvc.SelectListItem>,System.Collections.Generic.IDictionary`2<System.String,System.Object>)System.Web.Mvc.MvcHtmlString	input	1
System.Web.Mvc.Html.SelectExtensions::ListBox(System.Web.Mvc.HtmlHelper,System.String,System.Collections.Generic.IEnumerable`1<System.Web.Mvc.SelectListItem>,System.Collections.Generic.IDictionary`2<System.String,System.Object>)System.Web.Mvc.MvcHtmlString	output	-1
System.Web.Mvc.Html.SelectExtensions::ListBox(System.Web.Mvc.HtmlHelper,System.String,System.Collections.Generic.IEnumerable`1<System.Web.Mvc.SelectListItem>,System.Collections.Generic.IDictionary`2<System.String,System.Object>)System.Web.Mvc.MvcHtmlString	action1	unescaper	HTML_ENTITY
System.Web.Mvc.Html.SelectExtensions::ListBox(System.Web.Mvc.HtmlHelper,System.String,System.Collections.Generic.IEnumerable`1<System.Web.Mvc.SelectListItem>,System.Collections.Generic.IDictionary`2<System.String,System.Object>)System.Web.Mvc.MvcHtmlString	action1	chars_never_in_output	{ '"' , '<' }
System.Web.Mvc.Html.SelectExtensions::ListBox(System.Web.Mvc.HtmlHelper,System.String,System.Collections.Generic.IEnumerable`1<System.Web.Mvc.SelectListItem>,System.Collections.Generic.IDictionary`2<System.String,System.Object>)System.Web.Mvc.MvcHtmlString	action1	chars_introduced	{ '#' , '&' , '3' , '9' , ';' , 'a' , 'l' , 'm' , 'o' , 'p' , 'q' , 't' , 'u' }
System.Web.Mvc.Html.SelectExtensions::ListBox(System.Web.Mvc.HtmlHelper,System.String,System.Collections.Generic.IEnumerable`1<System.Web.Mvc.SelectListItem>,System.Collections.Generic.IDictionary`2<System.String,System.Object>)System.Web.Mvc.MvcHtmlString	action1	chars_escaped	{ '"' , '&' , '<' }
System.Web.Mvc.Html.TextAreaExtensions::TextArea(System.Web.Mvc.HtmlHelper,System.String)System.Web.Mvc.MvcHtmlString	input	1
System.Web.Mvc.Html.TextAreaExtensions::TextArea(System.Web.Mvc.HtmlHelper,System.String)System.Web.Mvc.MvcHtmlString	output	-1
System.Web.Mvc.Html.TextAreaExtensions::TextArea(System.Web.Mvc.HtmlHelper,System.String)System.Web.Mvc.MvcHtmlString	action1	unescaper	HTML_ENTITY
System.Web.Mvc.Html.TextAreaExtensions::TextArea(System.Web.Mvc.HtmlHelper,System.String)System.Web.Mvc.MvcHtmlString	action1	chars_never_in_output	{ '"' , '<' }
System.Web.Mvc.Html.TextAreaExtensions::TextArea(System.Web.Mvc.HtmlHelper,System.String)System.Web.Mvc.MvcHtmlString	action1	chars_introduced	{ '#' , '&' , '3' , '9' , ';' , 'a' , 'l' , 'm' , 'o' , 'p' , 'q' , 't' , 'u' }
System.Web.Mvc.Html.TextAreaExtensions::TextArea(System.Web.Mvc.HtmlHelper,System.String)System.Web.Mvc.MvcHtmlString	action1	chars_escaped	{ '"' , '&' , '<' }
System.Web.Mvc.Html.TextAreaExtensions::TextArea(System.Web.Mvc.HtmlHelper,System.String,System.Collections.Generic.IDictionary`2<System.String,System.Object>)System.Web.Mvc.MvcHtmlString	input	1
System.Web.Mvc.Html.TextAreaExtensions::TextArea(System.Web.Mvc.HtmlHelper,System.String,System.Collections.Generic.IDictionary`2<System.String,System.Object>)System.Web.Mvc.MvcHtmlString	output	-1
System.Web.Mvc.Html.TextAreaExtensions::TextArea(System.Web.Mvc.HtmlHelper,System.String,System.Collections.Generic.IDictionary`2<System.String,System.Object>)System.Web.Mvc.MvcHtmlString	action1	unescaper	HTML_ENTITY
System.Web.Mvc.Html.TextAreaExtensions::TextArea(System.Web.Mvc.HtmlHelper,System.String,System.Collections.Generic.IDictionary`2<System.String,System.Object>)System.Web.Mvc.MvcHtmlString	action1	chars_never_in_output	{ '"' , '<' }
System.Web.Mvc.Html.TextAreaExtensions::TextArea(System.Web.Mvc.HtmlHelper,System.String,System.Collections.Generic.IDictionary`2<System.String,System.Object>)System.Web.Mvc.MvcHtmlString	action1	chars_introduced	{ '#' , '&' , '3' , '9' , ';' , 'a' , 'l' , 'm' , 'o' , 'p' , 'q' , 't' , 'u' }
System.Web.Mvc.Html.TextAreaExtensions::TextArea(System.Web.Mvc.HtmlHelper,System.String,System.Collections.Generic.IDictionary`2<System.String,System.Object>)System.Web.Mvc.MvcHtmlString	action1	chars_escaped	{ '"' , '&' , '<' }
System.Web.Mvc.Html.TextAreaExtensions::TextArea(System.Web.Mvc.HtmlHelper,System.String,System.Object)System.Web.Mvc.MvcHtmlString	input	1
System.Web.Mvc.Html.TextAreaExtensions::TextArea(System.Web.Mvc.HtmlHelper,System.String,System.Object)System.Web.Mvc.MvcHtmlString	output	-1
System.Web.Mvc.Html.TextAreaExtensions::TextArea(System.Web.Mvc.HtmlHelper,System.String,System.Object)System.Web.Mvc.MvcHtmlString	action1	unescaper	HTML_ENTITY
System.Web.Mvc.Html.TextAreaExtensions::TextArea(System.Web.Mvc.HtmlHelper,System.String,System.Object)System.Web.Mvc.MvcHtmlString	action1	chars_never_in_output	{ '"' , '<' }
System.Web.Mvc.Html.TextAreaExtensions::TextArea(System.Web.Mvc.HtmlHelper,System.String,System.Object)System.Web.Mvc.MvcHtmlString	action1	chars_introduced	{ '#' , '&' , '3' , '9' , ';' , 'a' , 'l' , 'm' , 'o' , 'p' , 'q' , 't' , 'u' }
System.Web.Mvc.Html.TextAreaExtensions::TextArea(System.Web.Mvc.HtmlHelper,System.String,System.Object)System.Web.Mvc.MvcHtmlString	action1	chars_escaped	{ '"' , '&' , '<' }
System.Web.Mvc.Html.TextAreaExtensions::TextArea(System.Web.Mvc.HtmlHelper,System.String,System.String)System.Web.Mvc.MvcHtmlString	input	1
System.Web.Mvc.Html.TextAreaExtensions::TextArea(System.Web.Mvc.HtmlHelper,System.String,System.String)System.Web.Mvc.MvcHtmlString	output	-1
System.Web.Mvc.Html.TextAreaExtensions::TextArea(System.Web.Mvc.HtmlHelper,System.String,System.String)System.Web.Mvc.MvcHtmlString	action1	unescaper	HTML_ENTITY
System.Web.Mvc.Html.TextAreaExtensions::TextArea(System.Web.Mvc.HtmlHelper,System.String,System.String)System.Web.Mvc.MvcHtmlString	action1	chars_never_in_output	{ '"' , '<' }
System.Web.Mvc.Html.TextAreaExtensions::TextArea(System.Web.Mvc.HtmlHelper,System.String,System.String)System.Web.Mvc.MvcHtmlString	action1	chars_introduced	{ '#' , '&' , '3' , '9' , ';' , 'a' , 'l' , 'm' , 'o' , 'p' , 'q' , 't' , 'u' }
System.Web.Mvc.Html.TextAreaExtensions::TextArea(System.Web.Mvc.HtmlHelper,System.String,System.String)System.Web.Mvc.MvcHtmlString	action1	chars_escaped	{ '"' , '&' , '<' }
System.Web.Mvc.Html.TextAreaExtensions::TextArea(System.Web.Mvc.HtmlHelper,System.String,System.String,System.Collections.Generic.IDictionary`2<System.String,System.Object>)System.Web.Mvc.MvcHtmlString	input	1
System.Web.Mvc.Html.TextAreaExtensions::TextArea(System.Web.Mvc.HtmlHelper,System.String,System.String,System.Collections.Generic.IDictionary`2<System.String,System.Object>)System.Web.Mvc.MvcHtmlString	output	-1
System.Web.Mvc.Html.TextAreaExtensions::TextArea(System.Web.Mvc.HtmlHelper,System.String,System.String,System.Collections.Generic.IDictionary`2<System.String,System.Object>)System.Web.Mvc.MvcHtmlString	action1	unescaper	HTML_ENTITY
System.Web.Mvc.Html.TextAreaExtensions::TextArea(System.Web.Mvc.HtmlHelper,System.String,System.String,System.Collections.Generic.IDictionary`2<System.String,System.Object>)System.Web.Mvc.MvcHtmlString	action1	chars_never_in_output	{ '"' , '<' }
System.Web.Mvc.Html.TextAreaExtensions::TextArea(System.Web.Mvc.HtmlHelper,System.String,System.String,System.Collections.Generic.IDictionary`2<System.String,System.Object>)System.Web.Mvc.MvcHtmlString	action1	chars_introduced	{ '#' , '&' , '3' , '9' , ';' , 'a' , 'l' , 'm' , 'o' , 'p' , 'q' , 't' , 'u' }
System.Web.Mvc.Html.TextAreaExtensions::TextArea(System.Web.Mvc.HtmlHelper,System.String,System.String,System.Collections.Generic.IDictionary`2<System.String,System.Object>)System.Web.Mvc.MvcHtmlString	action1	chars_escaped	{ '"' , '&' , '<' }
System.Web.Mvc.Html.TextAreaExtensions::TextArea(System.Web.Mvc.HtmlHelper,System.String,System.String,System.Int32,System.Int32,System.Collections.Generic.IDictionary`2<System.String,System.Object>)System.Web.Mvc.MvcHtmlString	input	1
System.Web.Mvc.Html.TextAreaExtensions::TextArea(System.Web.Mvc.HtmlHelper,System.String,System.String,System.Int32,System.Int32,System.Collections.Generic.IDictionary`2<System.String,System.Object>)System.Web.Mvc.MvcHtmlString	output	-1
System.Web.Mvc.Html.TextAreaExtensions::TextArea(System.Web.Mvc.HtmlHelper,System.String,System.String,System.Int32,System.Int32,System.Collections.Generic.IDictionary`2<System.String,System.Object>)System.Web.Mvc.MvcHtmlString	action1	unescaper	HTML_ENTITY
System.Web.Mvc.Html.TextAreaExtensions::TextArea(System.Web.Mvc.HtmlHelper,System.String,System.String,System.Int32,System.Int32,System.Collections.Generic.IDictionary`2<System.String,System.Object>)System.Web.Mvc.MvcHtmlString	action1	chars_never_in_output	{ '"' , '<' }
System.Web.Mvc.Html.TextAreaExtensions::TextArea(System.Web.Mvc.HtmlHelper,System.String,System.String,System.Int32,System.Int32,System.Collections.Generic.IDictionary`2<System.String,System.Object>)System.Web.Mvc.MvcHtmlString	action1	chars_introduced	{ '#' , '&' , '3' , '9' , ';' , 'a' , 'l' , 'm' , 'o' , 'p' , 'q' , 't' , 'u' }
System.Web.Mvc.Html.TextAreaExtensions::TextArea(System.Web.Mvc.HtmlHelper,System.String,System.String,System.Int32,System.Int32,System.Collections.Generic.IDictionary`2<System.String,System.Object>)System.Web.Mvc.MvcHtmlString	action1	chars_escaped	{ '"' , '&' , '<' }
System.Web.Mvc.Html.TextAreaExtensions::TextArea(System.Web.Mvc.HtmlHelper,System.String,System.String,System.Int32,System.Int32,System.Object)System.Web.Mvc.MvcHtmlString	input	1
System.Web.Mvc.Html.TextAreaExtensions::TextArea(System.Web.Mvc.HtmlHelper,System.String,System.String,System.Int32,System.Int32,System.Object)System.Web.Mvc.MvcHtmlString	output	-1
System.Web.Mvc.Html.TextAreaExtensions::TextArea(System.Web.Mvc.HtmlHelper,System.String,System.String,System.Int32,System.Int32,System.Object)System.Web.Mvc.MvcHtmlString	action1	unescaper	HTML_ENTITY
System.Web.Mvc.Html.TextAreaExtensions::TextArea(System.Web.Mvc.HtmlHelper,System.String,System.String,System.Int32,System.Int32,System.Object)System.Web.Mvc.MvcHtmlString	action1	chars_never_in_output	{ '"' , '<' }
System.Web.Mvc.Html.TextAreaExtensions::TextArea(System.Web.Mvc.HtmlHelper,System.String,System.String,System.Int32,System.Int32,System.Object)System.Web.Mvc.MvcHtmlString	action1	chars_introduced	{ '#' , '&' , '3' , '9' , ';' , 'a' , 'l' , 'm' , 'o' , 'p' , 'q' , 't' , 'u' }
System.Web.Mvc.Html.TextAreaExtensions::TextArea(System.Web.Mvc.HtmlHelper,System.String,System.String,System.Int32,System.Int32,System.Object)System.Web.Mvc.MvcHtmlString	action1	chars_escaped	{ '"' , '&' , '<' }
System.Web.Mvc.Html.TextAreaExtensions::TextArea(System.Web.Mvc.HtmlHelper,System.String,System.String,System.Object)System.Web.Mvc.MvcHtmlString	input	1
System.Web.Mvc.Html.TextAreaExtensions::TextArea(System.Web.Mvc.HtmlHelper,System.String,System.String,System.Object)System.Web.Mvc.MvcHtmlString	output	-1
System.Web.Mvc.Html.TextAreaExtensions::TextArea(System.Web.Mvc.HtmlHelper,System.String,System.String,System.Object)System.Web.Mvc.MvcHtmlString	action1	unescaper	HTML_ENTITY
System.Web.Mvc.Html.TextAreaExtensions::TextArea(System.Web.Mvc.HtmlHelper,System.String,System.String,System.Object)System.Web.Mvc.MvcHtmlString	action1	chars_never_in_output	{ '"' , '<' }
System.Web.Mvc.Html.TextAreaExtensions::TextArea(System.Web.Mvc.HtmlHelper,System.String,System.String,System.Object)System.Web.Mvc.MvcHtmlString	action1	chars_introduced	{ '#' , '&' , '3' , '9' , ';' , 'a' , 'l' , 'm' , 'o' , 'p' , 'q' , 't' , 'u' }
System.Web.Mvc.Html.TextAreaExtensions::TextArea(System.Web.Mvc.HtmlHelper,System.String,System.String,System.Object)System.Web.Mvc.MvcHtmlString	action1	chars_escaped	{ '"' , '&' , '<' }
System.Web.Mvc.HtmlHelper::AttributeEncode(System.Object)System.String	input	1
System.Web.Mvc.HtmlHelper::AttributeEncode(System.Object)System.String	output	-1
System.Web.Mvc.HtmlHelper::AttributeEncode(System.Object)System.String	action1	unescaper	HTML_ENTITY
System.Web.Mvc.HtmlHelper::AttributeEncode(System.Object)System.String	action1	chars_never_in_output	{ '"' , '<' }
System.Web.Mvc.HtmlHelper::AttributeEncode(System.Object)System.String	action1	chars_introduced	{ '#' , '&' , '3' , '9' , ';' , 'a' , 'l' , 'm' , 'o' , 'p' , 'q' , 't' , 'u' }
System.Web.Mvc.HtmlHelper::AttributeEncode(System.Object)System.String	action1	chars_escaped	{ '"' , '&' , '<' }
System.Web.Mvc.HtmlHelper::AttributeEncode(System.String)System.String	input	1
System.Web.Mvc.HtmlHelper::AttributeEncode(System.String)System.String	output	-1
System.Web.Mvc.HtmlHelper::AttributeEncode(System.String)System.String	action1	unescaper	HTML_ENTITY
System.Web.Mvc.HtmlHelper::AttributeEncode(System.String)System.String	action1	chars_never_in_output	{ '"' , '<' }
System.Web.Mvc.HtmlHelper::AttributeEncode(System.String)System.String	action1	chars_introduced	{ '#' , '&' , '3' , '9' , ';' , 'a' , 'l' , 'm' , 'o' , 'p' , 'q' , 't' , 'u' }
System.Web.Mvc.HtmlHelper::AttributeEncode(System.String)System.String	action1	chars_escaped	{ '"' , '&' , '<' }
System.Web.Mvc.HtmlHelper::Encode(System.Object)System.String	input	1
System.Web.Mvc.HtmlHelper::Encode(System.Object)System.String	output	-1
System.Web.Mvc.HtmlHelper::Encode(System.Object)System.String	action1	unescaper	HTML_ENTITY
System.Web.Mvc.HtmlHelper::Encode(System.Object)System.String	action1	chars_never_in_output	{ '"' , ''' , '<' , '>' }
System.Web.Mvc.HtmlHelper::Encode(System.Object)System.String	action1	chars_introduced	{ '#' , '&' , '3' , '9' , ';' , 'a' , 'g' , 'l' , 'm' , 'o' , 'p' , 'q' , 't' , 'u' }
System.Web.Mvc.HtmlHelper::Encode(System.Object)System.String	action1	chars_escaped	{ '"' , '&' , ''' , '<' , '>' }
System.Web.Mvc.HtmlHelper::Encode(System.String)System.String	input	1
System.Web.Mvc.HtmlHelper::Encode(System.String)System.String	output	-1
System.Web.Mvc.HtmlHelper::Encode(System.String)System.String	action1	unescaper	HTML_ENTITY
System.Web.Mvc.HtmlHelper::Encode(System.String)System.String	action1	chars_never_in_output	{ '"' , ''' , '<' , '>' }
System.Web.Mvc.HtmlHelper::Encode(System.String)System.String	action1	chars_introduced	{ '#' , '&' , '3' , '9' , ';' , 'a' , 'g' , 'l' , 'm' , 'o' , 'p' , 'q' , 't' , 'u' }
System.Web.Mvc.HtmlHelper::Encode(System.String)System.String	action1	chars_escaped	{ '"' , '&' , ''' , '<' , '>' }
System.Web.Security.AntiXss.AntiXssEncoder::CssEncode(System.String)System.String	input	0
System.Web.Security.AntiXss.AntiXssEncoder::CssEncode(System.String)System.String	output	-1
System.Web.Security.AntiXss.AntiXssEncoder::CssEncode(System.String)System.String	action1	unescaper	CSS
System.Web.Security.AntiXss.AntiXssEncoder::CssEncode(System.String)System.String	action1	chars_never_in_output	{ 0x8 , 0x9 , 0xa , 0xc , 0xd , '"' , '&' , ''' , '/' , '<' , '>' , 0x2028 , 0x2029 }
System.Web.Security.AntiXss.AntiXssEncoder::CssEncode(System.String)System.String	action1	chars_introduced	{ ' ' , '0' , '2' , '3' , '5' , '6' , '7' , '8' , '9' , 'A' , 'C' , 'D' , 'E' , 'F' , '\' }
System.Web.Security.AntiXss.AntiXssEncoder::CssEncode(System.String)System.String	action1	chars_escaped	{ 0x8 , 0x9 , 0xa , 0xc , 0xd , '"' , '&' , ''' , '/' , '<' , '>' , '\' , 0x2028 , 0x2029 }
System.Web.Security.AntiXss.AntiXssEncoder::HtmlEncode(System.String,System.Boolean)System.String	input	0
System.Web.Security.AntiXss.AntiXssEncoder::HtmlEncode(System.String,System.Boolean)System.String	output	-1
System.Web.Security.AntiXss.AntiXssEncoder::HtmlEncode(System.String,System.Boolean)System.String	action1	unescaper	HTML_ENTITY
System.Web.Security.AntiXss.AntiXssEncoder::HtmlEncode(System.String,System.Boolean)System.String	action1	chars_never_in_output	{ '"' , ''' , '<' , '>' }
System.Web.Security.AntiXss.AntiXssEncoder::HtmlEncode(System.String,System.Boolean)System.String	action1	chars_introduced	{ '#' , '&' , '3' , '9' , ';' , 'a' , 'g' , 'l' , 'm' , 'o' , 'p' , 'q' , 't' , 'u' }
System.Web.Security.AntiXss.AntiXssEncoder::HtmlEncode(System.String,System.Boolean)System.String	action1	chars_escaped	{ '"' , '&' , ''' , '<' , '>' }
System.Web.Security.AntiXss.AntiXssEncoder::UrlEncode(System.String)System.String	input	0
System.Web.Security.AntiXss.AntiXssEncoder::UrlEncode(System.String)System.String	output	-1
System.Web.Security.AntiXss.AntiXssEncoder::UrlEncode(System.String)System.String	action1	unescaper	URI_PERCENT
System.Web.Security.AntiXss.AntiXssEncoder::UrlEncode(System.String)System.String	action1	chars_never_in_output	{ 0x9 , 0xa , 0xc , 0xd , ' ' , '!' , '"' , '#' , '$' , '&' , ''' , '(' , ')' , '*' , '+' , ',' , '.' , '/' , ':' , ';' , '<' , '=' , '>' , '?' , '@' , '[' , ']' }
System.Web.Security.AntiXss.AntiXssEncoder::UrlEncode(System.String)System.String	action1	chars_introduced	{ '%' , '0' , '1' , '2' , '3' , '4' , '5' , '6' , '7' , '8' , '9' , 'A' , 'B' , 'C' , 'D' , 'E' , 'F' }
System.Web.Security.AntiXss.AntiXssEncoder::UrlEncode(System.String)System.String	action1	chars_escaped	{ 0x9 , 0xa , 0xc , 0xd , ' ' , '!' , '"' , '#' , '$' , '%' , '&' , ''' , '(' , ')' , '*' , '+' , ',' , '.' , '/' , ':' , ';' , '<' , '=' , '>' , '?' , '@' , '[' , ']' }
System.Web.Security.AntiXss.AntiXssEncoder::UrlEncode(System.String,System.Int32)System.String	input	0
System.Web.Security.AntiXss.AntiXssEncoder::UrlEncode(System.String,System.Int32)System.String	output	-1
System.Web.Security.AntiXss.AntiXssEncoder::UrlEncode(System.String,System.Int32)System.String	action1	unescaper	URI_PERCENT
System.Web.Security.AntiXss.AntiXssEncoder::UrlEncode(System.String,System.Int32)System.String	action1	chars_never_in_output	{ 0x9 , 0xa , 0xc , 0xd , ' ' , '!' , '"' , '#' , '$' , '&' , ''' , '(' , ')' , '*' , '+' , ',' , '.' , '/' , ':' , ';' , '<' , '=' , '>' , '?' , '@' , '[' , ']' }
System.Web.Security.AntiXss.AntiXssEncoder::UrlEncode(System.String,System.Int32)System.String	action1	chars_introduced	{ '%' , '0' , '1' , '2' , '3' , '4' , '5' , '6' , '7' , '8' , '9' , 'A' , 'B' , 'C' , 'D' , 'E' , 'F' }
System.Web.Security.AntiXss.AntiXssEncoder::UrlEncode(System.String,System.Int32)System.String	action1	chars_escaped	{ 0x9 , 0xa , 0xc , 0xd , ' ' , '!' , '"' , '#' , '$' , '%' , '&' , ''' , '(' , ')' , '*' , '+' , ',' , '.' , '/' , ':' , ';' , '<' , '=' , '>' , '?' , '@' , '[' , ']' }
System.Web.Security.AntiXss.AntiXssEncoder::UrlEncode(System.String,System.Text.Encoding)System.String	input	0
System.Web.Security.AntiXss.AntiXssEncoder::UrlEncode(System.String,System.Text.Encoding)System.String	output	-1
System.Web.Security.AntiXss.AntiXssEncoder::UrlEncode(System.String,System.Text.Encoding)System.String	action1	unescaper	URI_PERCENT
System.Web.Security.AntiXss.AntiXssEncoder::UrlEncode(System.String,System.Text.Encoding)System.String	action1	chars_never_in_output	{ 0x9 , 0xa , 0xc , 0xd , ' ' , '!' , '"' , '#' , '$' , '&' , ''' , '(' , ')' , '*' , '+' , ',' , '.' , '/' , ':' , ';' , '<' , '=' , '>' , '?' , '@' , '[' , ']' }
System.Web.Security.AntiXss.AntiXssEncoder::UrlEncode(System.String,System.Text.Encoding)System.String	action1	chars_introduced	{ '%' , '0' , '1' , '2' , '3' , '4' , '5' , '6' , '7' , '8' , '9' , 'A' , 'B' , 'C' , 'D' , 'E' , 'F' }
System.Web.Security.AntiXss.AntiXssEncoder::UrlEncode(System.String,System.Text.Encoding)System.String	action1	chars_escaped	{ 0x9 , 0xa , 0xc , 0xd , ' ' , '!' , '"' , '#' , '$' , '%' , '&' , ''' , '(' , ')' , '*' , '+' , ',' , '.' , '/' , ':' , ';' , '<' , '=' , '>' , '?' , '@' , '[' , ']' }
System.Web.Util.HttpEncoder::JavaScriptStringEncode(System.String)System.String	input	0
System.Web.Util.HttpEncoder::JavaScriptStringEncode(System.String)System.String	output	-1
System.Web.Util.HttpEncoder::JavaScriptStringEncode(System.String)System.String	action1	unescaper	JS_STRING
System.Web.Util.HttpEncoder::JavaScriptStringEncode(System.String)System.String	action1	chars_never_in_output	{ 0x8 , 0x9 , 0xa , 0xb , 0xc , 0xd , '"' , '%' , '&' , ''' , '/' , '<' , '>' , 0x2028 , 0x2029 }
System.Web.Util.HttpEncoder::JavaScriptStringEncode(System.String)System.String	action1	chars_introduced	{ '0' , '2' , '3' , '5' , '6' , '7' , '8' , '9' , 'A' , 'B' , 'C' , 'D' , 'E' , 'F' , '\' , 'u' }
System.Web.Util.HttpEncoder::JavaScriptStringEncode(System.String)System.String	action1	chars_escaped	{ 0x8 , 0x9 , 0xa , 0xb , 0xc , 0xd , '"' , '%' , '&' , ''' , '/' , '<' , '>' , '\' , 0x2028 , 0x2029 }
System.Web.Util.HttpEncoder::UrlEncode(byte[],System.Int32,System.Int32)System.String	input	0
System.Web.Util.HttpEncoder::UrlEncode(byte[],System.Int32,System.Int32)System.String	output	-1
System.Web.Util.HttpEncoder::UrlEncode(byte[],System.Int32,System.Int32)System.String	action1	unescaper	URI_PERCENT
System.Web.Util.HttpEncoder::UrlEncode(byte[],System.Int32,System.Int32)System.String	action1	chars_never_in_output	{ 0x9 , 0xa , 0xc , 0xd , ' ' , '!' , '"' , '#' , '$' , '&' , ''' , '(' , ')' , '*' , '+' , ',' , '.' , '/' , ':' , ';' , '<' , '=' , '>' , '?' , '@' , '[' , ']' }
System.Web.Util.HttpEncoder::UrlEncode(byte[],System.Int32,System.Int32)System.String	action1	chars_introduced	{ '%' , '0' , '1' , '2' , '3' , '4' , '5' , '6' , '7' , '8' , '9' , 'A' , 'B' , 'C' , 'D' , 'E' , 'F' }
System.Web.Util.HttpEncoder::UrlEncode(byte[],System.Int32,System.Int32)System.String	action1	chars_escaped	{ 0x9 , 0xa , 0xc , 0xd , ' ' , '!' , '"' , '#' , '$' , '%' , '&' , ''' , '(' , ')' , '*' , '+' , ',' , '.' , '/' , ':' , ';' , '<' , '=' , '>' , '?' , '@' , '[' , ']' }
System.Web.Util.HttpEncoder::UrlPathEncode(System.String)System.String	input	0
System.Web.Util.HttpEncoder::UrlPathEncode(System.String)System.String	output	-1
System.Web.Util.HttpEncoder::UrlPathEncode(System.String)System.String	action1	unescaper	URI_PERCENT
System.Web.Util.HttpEncoder::UrlPathEncode(System.String)System.String	action1	chars_never_in_output	{ 0x9 , 0xa , 0xc , 0xd , '!' , '"' , '#' , '$' , '&' , ''' , '(' , ')' , '*' , '+' , ',' , '.' , '/' , ':' , ';' , '<' , '=' , '>' , '?' , '@' , '[' , ']' }
System.Web.Util.HttpEncoder::UrlPathEncode(System.String)System.String	action1	chars_introduced	{ '%' , '0' , '1' , '2' , '3' , '4' , '5' , '6' , '7' , '8' , '9' , 'A' , 'B' , 'C' , 'D' , 'E' , 'F' }
System.Web.Util.HttpEncoder::UrlPathEncode(System.String)System.String	action1	chars_escaped	{ 0x9 , 0xa , 0xc , 0xd , '!' , '"' , '#' , '$' , '%' , '&' , ''' , '(' , ')' , '*' , '+' , ',' , '.' , '/' , ':' , ';' , '<' , '=' , '>' , '?' , '@' , '[' , ']' }
c:out with escapeXml="true"	input	0
c:out with escapeXml="true"	output	0
c:out with escapeXml="true"	action1	unescaper	HTML_ENTITY
c:out with escapeXml="true"	action1	chars_never_in_output	{ '"' , ''' , '<' , '>' }
c:out with escapeXml="true"	action1	chars_introduced	{ '#' , '&' , '0' , '3' , '4' , '9' , ';' , 'a' , 'g' , 'l' , 'm' , 'p' , 't' }
c:out with escapeXml="true"	action1	chars_escaped	{ '"' , '&' , ''' , '<' , '>' }
cov:cssStringEscape	input	0
cov:cssStringEscape	output	0
cov:cssStringEscape	action1	unescaper	CSS
cov:cssStringEscape	action1	chars_never_in_output	{ 0x8 , 0x9 , 0xa , 0xc , 0xd , '"' , '&' , ''' , '/' , '<' , '>' , 0x2028 , 0x2029 }
cov:cssStringEscape	action1	chars_introduced	{ ' ' , '0' , '2' , '3' , '5' , '6' , '7' , '8' , '9' , 'A' , 'C' , 'D' , 'E' , 'F' , '\' }
cov:cssStringEscape	action1	chars_escaped	{ 0x8 , 0x9 , 0xa , 0xc , 0xd , '"' , '&' , ''' , '/' , '<' , '>' , '\' , 0x2028 , 0x2029 }
cov:jsRegexEscape	input	0
cov:jsRegexEscape	output	0
cov:jsRegexEscape	action1	unescaper	JS_STRING
cov:jsRegexEscape	action1	chars_never_in_output	{ 0x8 , 0x9 , 0xa , 0xb , 0xc , 0xd }
cov:jsRegexEscape	action1	chars_introduced	{ '\' , 'b' , 'f' , 'n' , 'r' , 't' , 'v' }
cov:jsRegexEscape	action1	chars_escaped	{ 0x8 , 0x9 , 0xa , 0xb , 0xc , 0xd , '!' , '$' , '(' , ')' , '*' , '+' , '-' , '.' , '/' , '?' , '[' , '\' , ']' , '^' , '{' , '|' , '}' }
cov:jsStringEscape	input	0
cov:jsStringEscape	output	0
cov:jsStringEscape	action1	unescaper	JS_STRING
cov:jsStringEscape	action1	chars_never_in_output	{ 0x8 , 0x9 , 0xa , 0xb , 0xc , 0xd , '"' , '&' , ''' , '/' , '<' , '>' , 0x2028 , 0x2029 }
cov:jsStringEscape	action1	chars_introduced	{ '0' , '2' , '3' , '5' , '6' , '7' , '8' , '9' , 'A' , 'B' , 'C' , 'D' , 'E' , 'F' , '\' , 'u' }
cov:jsStringEscape	action1	chars_escaped	{ 0x8 , 0x9 , 0xa , 0xb , 0xc , 0xd , '"' , '&' , ''' , '/' , '<' , '>' , '\' , 0x2028 , 0x2029 }
cov:uriEncode	input	0
cov:uriEncode	output	0
cov:uriEncode	action1	unescaper	URI_PERCENT
cov:uriEncode	action1	chars_never_in_output	{ 0x9 , 0xa , 0xc , 0xd , '!' , '"' , '#' , '$' , '&' , ''' , '(' , ')' , '*' , '+' , ',' , '.' , '/' , ':' , ';' , '<' , '=' , '>' , '?' , '@' , '[' , ']' }
cov:uriEncode	action1	chars_introduced	{ '%' , '0' , '1' , '2' , '3' , '4' , '5' , '6' , '7' , '8' , '9' , 'A' , 'B' , 'C' , 'D' , 'E' , 'F' }
cov:uriEncode	action1	chars_escaped	{ 0x9 , 0xa , 0xc , 0xd , '!' , '"' , '#' , '$' , '%' , '&' , ''' , '(' , ')' , '*' , '+' , ',' , '.' , '/' , ':' , ';' , '<' , '=' , '>' , '?' , '@' , '[' , ']' }
filter="true"	input	0
filter="true"	output	0
filter="true"	action1	unescaper	HTML_ENTITY
filter="true"	action1	chars_never_in_output	{ '"' , ''' , '<' , '>' }
filter="true"	action1	chars_introduced	{ '#' , '&' , '3' , '9' , ';' , 'a' , 'g' , 'l' , 'm' , 'o' , 'p' , 'q' , 't' , 'u' }
filter="true"	action1	chars_escaped	{ '"' , '&' , ''' , '<' , '>' }
fn:escapeXml	input	0
fn:escapeXml	output	0
fn:escapeXml	action1	unescaper	HTML_ENTITY
fn:escapeXml	action1	chars_never_in_output	{ '"' , ''' , '<' , '>' }
fn:escapeXml	action1	chars_introduced	{ '#' , '&' , '0' , '3' , '4' , '9' , ';' , 'a' , 'g' , 'l' , 'm' , 'p' , 't' }
fn:escapeXml	action1	chars_escaped	{ '"' , '&' , ''' , '<' , '>' }
http sink using HttpUtility::HtmlEncode(System.Object) on non-IHtmlString	input	0
http sink using HttpUtility::HtmlEncode(System.Object) on non-IHtmlString	output	-1
http sink using HttpUtility::HtmlEncode(System.Object) on non-IHtmlString	action1	unescaper	HTML_ENTITY
http sink using HttpUtility::HtmlEncode(System.Object) on non-IHtmlString	action1	chars_never_in_output	{ '"' , ''' , '<' , '>' }
http sink using HttpUtility::HtmlEncode(System.Object) on non-IHtmlString	action1	chars_introduced	{ '#' , '&' , '3' , '9' , ';' , 'a' , 'g' , 'l' , 'm' , 'o' , 'p' , 'q' , 't' , 'u' }
http sink using HttpUtility::HtmlEncode(System.Object) on non-IHtmlString	action1	chars_escaped	{ '"' , '&' , ''' , '<' , '>' }
javaScriptEscape="true"	input	0
javaScriptEscape="true"	output	0
javaScriptEscape="true"	action1	unescaper	JS_STRING
javaScriptEscape="true"	action1	chars_never_in_output	{ 0x8 , 0x9 , 0xa , 0xb , 0xc , 0xd , '<' , '>' , 0x2028 , 0x2029 }
javaScriptEscape="true"	action1	chars_introduced	{ '0' , '2' , '3' , '8' , '9' , 'C' , 'E' , '\' , 'b' , 'f' , 'n' , 't' , 'u' , 'v' }
javaScriptEscape="true"	action1	chars_escaped	{ 0x8 , 0x9 , 0xa , 0xb , 0xc , 0xd , '"' , ''' , '/' , '<' , '>' , '\' , 0x2028 , 0x2029 }
